Country Name,Country Code,Indicator Name,Indicator Code,1960,1961,1962,1963,1964,1965,1966,1967,1968,1969,1970,1971,1972,1973,1974,1975,1976,1977,1978,1979,1980,1981,1982,1983,1984,1985,1986,1987,1988,1989,1990,1991,1992,1993,1994,1995,1996,1997,1998,1999,2000,2001,2002,2003,2004,2005,2006,2007,2008,2009,2010,2011,2012,2013,2014,2015,2016
Aruba,ABW,Agricultural land (sq. km),AG.LND.AGRI.K2,,20,20,20,20,20,20,20,20,20,20,20,20,20,20,20,20,20,20,20,20,20,20,20,20,20,20,20,20,20,20,20,20,20,20,20,20,20,20,20,20,20,20,20,20,20,20,20,20,20,20,20,20,20,,,
Andorra,AND,Agricultural land (sq. km),AG.LND.AGRI.K2,,260,260,260,260,260,260,260,260,260,260,250,250,240,240,240,230,230,230,220,220,210,210,210,200,200,200,190,190,190,190,190,190,190,190,190,190,190,187,188,188,187,197,199,199,197,195,194,197,199,201,204,202,208,,,
Afghanistan,AFG,Agricultural land (sq. km),AG.LND.AGRI.K2,,377000,377600,378100,378730,378750,379130,379790,379800,379960,380060,380360,380460,380480,380480,380480,380480,380500,380500,380490,380490,380530,380540,380540,380540,380540,380540,380450,380400,380400,380400,380300,380300,379340,378130,377530,377520,377900,378670,377530,377530,377530,377530,379100,379110,379100,379100,379100,379100,379100,379100,379100,379100,379100,,,
Angola,AGO,Agricultural land (sq. km),AG.LND.AGRI.K2,,571700,572000,572200,572500,572700,573000,573300,573600,574000,574000,574000,574000,574000,574000,574000,574000,574000,574000,574000,574000,574000,574000,574000,574000,574000,574000,574000,574000,574000,574040,574500,575000,575000,575000,575000,575000,575000,575000,574000,573000,573000,573900,575900,575900,575900,575900,576900,576900,582900,583900,589900,589900,591900,,,
Albania,ALB,Agricultural land (sq. km),AG.LND.AGRI.K2,,12320,12320,12330,12300,12370,12400,12440,12400,12350,12300,12000,11740,11460,11220,10800,10750,11090,11140,11170,11180,11160,11140,11100,11130,11120,11110,11110,11170,11100,11210,11270,11270,11260,11260,11270,11310,11350,11390,11450,11440,11390,11400,11210,11220,10770,11200,11190,11810,12013,12013,12010,12013,11873,,,
Arab World,ARB,Agricultural land (sq. km),AG.LND.AGRI.K2,,4215860,4215840,4218970,4220260,4223400,4224290,4231280,4235220,4242770,4251290,4277870,4284320,4283680,4290840,4287780,4297140,4299980,4305790,4307280,4318030,4276396,"4279693,4","4286067,4","4342133,6",4409938,4489258,4564760,4645290,4716088,4772142,4784464,"4806419,8",5344200,5363840,5377560,"5385904,6","5388279,2","5393336,2",5395305,5395402,5400131,5412411,5436802,5444076,5457617,"5460207,5",5466390,"5458218,8","5447600,6",5454416,"5180323,3","5224277,1","5194271,5",,,
United Arab Emirates,ARE,Agricultural land (sq. km),AG.LND.AGRI.K2,,2080,2080,2080,2080,2090,2100,2100,2100,2100,2120,2120,2120,2130,2140,2150,2160,2170,2180,2190,2230,2270,2270,2320,2320,2350,2380,2380,2390,2390,2850,3100,3390,3550,3720,3830,3920,4000,4030,5210,5520,5670,5710,5590,5590,5620,5436,5376,5446,3929,3973,3935,3817,3823,,,
Argentina,ARG,Agricultural land (sq. km),AG.LND.AGRI.K2,,1378290,1364340,1348750,1332970,1317800,1309480,1297030,1292350,1293020,1292800,1291540,1290280,1289020,1287760,1286500,1285240,1283980,1282720,1281460,1280200,1278940,1287690,1286440,1285170,1283910,1282650,1279390,1273800,1274700,1275650,1276600,1277550,1278500,1279480,1280450,1281420,1282350,1283300,1284120,1285100,1286060,1287100,1308835,1343450,1377975,1411040,1440330,1442610,1437920,1474810,1482810,1492540,1491990,,,
Armenia,ARM,Agricultural land (sq. km),AG.LND.AGRI.K2,,,,,,,,,,,,,,,,,,,,,,,,,,,,,,,,,11700,11810,12000,12440,13060,13320,13280,13230,13230,13280,13910,14440,15050,16050,17564,17519,17473,17463,17350,16981,16830,16821,,,
American Samoa,ASM,Agricultural land (sq. km),AG.LND.AGRI.K2,,30,30,30,30,30,30,30,30,30,30,30,30,30,30,30,30,30,30,30,30,30,30,30,30,30,30,30,30,30,30,30,32,32,32,35,40,40,47,"47,9",48,45,45,"50,4",50,50,50,48,48,49,49,49,49,49,,,
Antigua and Barbuda,ATG,Agricultural land (sq. km),AG.LND.AGRI.K2,,100,90,100,90,110,110,100,100,110,110,110,70,70,70,70,70,70,70,70,70,70,70,70,80,90,90,90,90,90,90,90,90,90,90,90,90,90,90,90,90,90,90,90,90,90,90,90,90,90,90,90,90,90,,,
Australia,AUS,Agricultural land (sq. km),AG.LND.AGRI.K2,,4615850,4636880,4664710,4690090,4729760,4741540,4767280,4748210,4789430,4817870,4832530,4844570,4870170,4877270,4868370,4877730,4786110,4765300,4804770,4829260,4827410,4780810,4711250,4730390,4729600,4708850,4710200,4722830,4670770,4644810,4629740,4661780,4602860,4691000,4633480,4652210,4622000,4637860,4537290,4555000,4557000,4470000,4395000,4401100,4451490,4349250,4254490,4172880,4090290,3985800,4096726,4054740,3966153,,,
Austria,AUT,Agricultural land (sq. km),AG.LND.AGRI.K2,,40500,40410,39900,39840,39840,39350,39270,39220,38970,38960,38940,38940,37930,37930,37900,36890,36980,37160,36620,36750,36890,36750,35020,35080,35110,34990,34990,35320,35480,35000,35190,34920,34520,34500,34320,34260,34170,34140,33540,33730,33691,33681,"33690,3",32552,"32566,5","32354,2","32342,2",32018,31940,"31848,1","31808,1","31654,1","31544,7",,,
Azerbaijan,AZE,Agricultural land (sq. km),AG.LND.AGRI.K2,,,,,,,,,,,,,,,,,,,,,,,,,,,,,,,,,44462,44566,44860,44891,45262,45887,46821,46924,47404,47456,47449,47546,47549,47586,47560,47565,47567,47573,47668,47687,47683,47698,,,
Burundi,BDI,Agricultural land (sq. km),AG.LND.AGRI.K2,,15750,15900,16040,16050,16240,16210,16660,16760,18970,18800,18990,19060,20000,20300,20600,20950,21430,21200,21000,20880,20750,20600,20600,20600,20600,20820,20920,21050,21050,21100,21100,21200,21230,20730,20370,19930,19520,19130,18870,18670,18510,18340,18330,18480,18190,17830,17330,17830,18330,18330,18830,19330,20330,,,
Belgium,BEL,Agricultural land (sq. km),AG.LND.AGRI.K2,,,,,,,,,,,,,,,,,,,,,,,,,,,,,,,,,,,,,,,,,13900,13890,13910,13940,13930,13850,13820,13690,13680,13580,13570,13360,13330,13365,,,
Benin,BEN,Agricultural land (sq. km),AG.LND.AGRI.K2,,14420,14620,14820,15020,15220,15520,15920,16220,17070,17270,17770,18070,18270,18570,18970,19270,19570,19770,19970,20270,20570,20900,21000,21100,21300,21900,22000,22100,22200,22700,22800,22950,23200,24000,25200,27100,28900,30500,31100,31950,32650,33650,34670,35670,35200,33350,33400,34450,33500,34400,35300,37000,37500,,,
Burkina Faso,BFA,Agricultural land (sq. km),AG.LND.AGRI.K2,,81390,81490,81590,81690,81790,81900,82000,82100,82220,82360,82200,83020,83730,84530,85360,85850,86350,86850,87350,87850,88350,88850,89350,89850,90350,90850,91400,95640,96000,95750,95500,95250,95000,94310,94500,95500,98500,99700,99700,97700,105700,107700,111700,106700,109700,107700,109700,120700,117700,120800,117900,121000,123000,,,
Bangladesh,BGD,Agricultural land (sq. km),AG.LND.AGRI.K2,,94800,94770,94800,95200,96370,96500,96950,96690,96750,96970,96950,99910,99890,99890,100040,99980,99910,99870,99830,99870,99810,99780,99640,100600,100270,100410,101150,104270,104430,103860,103200,95490,94460,93580,93740,93270,93650,94340,94860,94000,94030,93530,93280,93230,93110,92800,92660,92530,92460,92410,91280,91200,91080,,,
Bulgaria,BGR,Agricultural land (sq. km),AG.LND.AGRI.K2,,56730,56850,56930,57720,57930,58020,58630,58810,60220,60100,60090,60220,59820,60380,59550,61980,62060,62110,62060,61810,61790,61820,61770,61720,61690,61660,61660,61620,61680,61590,61610,61540,61210,61590,61640,61640,62030,56450,56790,55820,54980,53250,53260,53300,52650,51900,51160,51010,50300,50520,50880,51230,49950,,,
Bahrain,BHR,Agricultural land (sq. km),AG.LND.AGRI.K2,,70,70,70,70,70,70,70,70,70,70,70,70,70,70,80,100,100,100,100,100,90,80,80,80,80,80,80,80,80,80,80,90,90,90,90,90,90,90,100,92,92,92,89,87,87,"85,5",84,82,"83,6",86,86,86,86,,,
Bahamas,BHS,Agricultural land (sq. km),AG.LND.AGRI.K2,,100,100,100,100,100,100,100,100,100,100,100,100,100,100,100,110,110,110,110,110,110,110,110,110,120,120,120,120,120,120,120,120,120,120,120,120,120,120,120,130,130,130,130,130,130,130,130,130,150,150,140,140,140,,,
Bosnia and Herzegovina,BIH,Agricultural land (sq. km),AG.LND.AGRI.K2,,,,,,,,,,,,,,,,,,,,,,,,,,,,,,,,,22000,21900,21800,21750,21700,21650,21600,21050,21300,21260,21230,21690,21694,21570,21590,21490,21300,21280,21440,21510,21560,21580,,,
Belarus,BLR,Agricultural land (sq. km),AG.LND.AGRI.K2,,,,,,,,,,,,,,,,,,,,,,,,,,,,,,,,,93910,93540,93460,93390,93330,93060,93070,92810,92520,91280,90250,89860,89570,89490,89580,89160,89170,89270,88980,88750,87960,87260,,,
Belize,BLZ,Agricultural land (sq. km),AG.LND.AGRI.K2,,790,790,800,800,800,810,810,810,820,820,830,830,840,840,850,850,860,930,940,960,970,970,970,970,1010,1030,1120,1150,1200,1260,1300,1360,1430,1430,1460,1470,1480,1480,1500,1490,1490,1520,1520,1520,1520,1520,1520,1520,1550,1570,1570,1600,1600,,,
Bermuda,BMU,Agricultural land (sq. km),AG.LND.AGRI.K2,,4,3,3,4,4,4,4,3,3,3,3,3,3,3,3,3,3,3,3,3,3,3,3,3,3,3,3,3,3,3,3,3,3,3,4,4,4,4,4,4,4,4,4,4,4,4,4,3,3,3,3,3,3,,,
"Bolivia, Plurinational State of",BOL,Agricultural land (sq. km),AG.LND.AGRI.K2,,300420,299420,298070,298780,299150,299510,299880,300240,302610,302970,307340,312700,313080,318430,323800,324160,329530,329890,335250,335620,340990,341360,341730,347170,346870,352030,352270,352500,354700,354550,357960,358310,362130,363510,366000,366840,368740,369820,370690,371430,371560,373110,366470,366170,369620,370680,371500,372490,373410,371880,372270,375820,376700,,,
Brazil,BRA,Agricultural land (sq. km),AG.LND.AGRI.K2,,1505310,1559130,1615110,1660410,1703950,1750940,1795890,1852230,1937780,1953970,1996320,2028370,2058610,2100430,2134160,2160070,2185500,2200390,2225130,2242780,2258240,2281360,2288210,2299240,2310410,2340550,2357910,2376870,2394320,2416080,2449410,2467090,2494630,2514180,2584720,2590190,2595660,2601120,2607590,2614060,2634650,2658680,2684690,2721320,2724326,2727840,2716380,2735000,2735400,2734630,2753730,2756070,2788081,,,
Barbados,BRB,Agricultural land (sq. km),AG.LND.AGRI.K2,,190,190,190,190,190,190,190,190,190,190,190,190,190,190,190,190,190,190,190,190,190,190,190,190,190,190,190,190,190,190,190,190,190,190,190,190,190,190,180,180,180,170,170,160,160,160,160,160,160,150,140,140,140,,,
Brunei Darussalam,BRN,Agricultural land (sq. km),AG.LND.AGRI.K2,,210,210,210,240,240,230,230,240,240,240,190,180,180,180,180,170,150,150,150,140,140,130,130,120,120,120,120,120,120,110,110,110,110,110,100,100,100,100,100,100,110,110,110,110,110,103,114,114,134,134,134,134,144,,,
Bhutan,BTN,Agricultural land (sq. km),AG.LND.AGRI.K2,,3610,3630,3630,3650,3660,3680,3680,3700,3700,3820,3820,3850,3850,3920,3920,3980,4000,4000,4050,4130,4130,4180,4300,4440,4440,4440,4650,4600,4520,4540,5040,5040,5050,5090,5650,5700,5720,5720,5720,5300,5350,5350,5370,5840,5930,5770,5630,5213,5200,5200,5196,5196,5196,,,
Botswana,BWA,Agricultural land (sq. km),AG.LND.AGRI.K2,,260000,260000,260000,260000,260010,260010,260010,260010,260010,260010,260010,260020,260020,260020,260020,260020,260020,260020,260040,260040,260040,260060,260060,260060,260080,260080,260100,260100,260150,260210,259010,258510,259510,259960,259460,259460,259010,258310,258410,259510,258010,258460,257960,258270,258415,258030,257840,258810,259180,258610,259260,258870,258740,,,
Central African Republic,CAF,Agricultural land (sq. km),AG.LND.AGRI.K2,,47380,47480,47560,47700,47800,47900,48000,48100,48200,48300,48400,48500,48600,48700,48900,49000,49100,49200,49300,49450,49450,49600,49700,49820,49830,50040,50050,50060,50060,50060,50080,50200,50200,50200,50100,50220,51230,51490,51490,51490,51490,51490,51950,52150,52150,52100,52100,52100,52300,50800,50800,50800,50800,,,
Canada,CAN,Agricultural land (sq. km),AG.LND.AGRI.K2,,698250,699530,700810,702080,703370,704640,701040,697430,693820,690210,686610,686130,685660,685190,684720,684250,679180,674110,669030,663960,658890,662760,666640,670510,674390,678250,678120,677980,677820,677680,677530,678140,678740,679340,679940,680550,679440,678340,677230,676130,675020,675170,675350,675510,675690,659540,652824,646108,639402,632686,625970,653460,652510,,,
Central Europe and the Baltics,CEB,Agricultural land (sq. km),AG.LND.AGRI.K2,,476790,476470,475850,476230,474830,475110,474340,475330,474350,473580,473070,471820,470470,470060,468950,471090,470540,469850,468720,467790,466380,466180,466080,466570,466420,466060,466390,465880,462170,461950,461720,560840,624860,621440,615910,610780,610260,605100,604520,591050,575370,562640,553230,545343,545880,544537,533499,534922,534426,525221,526962,523253,523029,,,
Switzerland,CHE,Agricultural land (sq. km),AG.LND.AGRI.K2,,17363,17334,17192,17104,17016,16957,16888,16861,16874,16739,16654,16628,16537,16475,16438,16426,16414,16449,16587,16539,16490,16441,16393,16345,16296,16248,16200,16151,16104,16057,16009,15962,15915,15868,15821,15788,15757,15723,15691,15660,15626,15595,15562,15532,15500,15468,15435,15406,15375,15346,15316,15287,15257,,,
Channel Islands,CHI,Agricultural land (sq. km),AG.LND.AGRI.K2,,90,90,90,90,90,90,90,90,89,89,89,89,88,88,88,88,88,87,87,87,87,87,86,86,86,86,86,85,85,85,85,85,84,84,84,84,81,80,79,79,75,74,74,75,76,84,82,81,88,91,96,95,"94,2",,,
Chile,CHL,Agricultural land (sq. km),AG.LND.AGRI.K2,,133860,135560,137260,138980,140690,142380,144580,146780,148480,151000,153500,156000,158380,162500,165500,172000,171000,170000,169000,168500,167500,166000,165500,165000,164720,164360,161630,161540,161690,158990,157890,155560,154770,154500,153300,152320,152220,152190,150600,151100,151500,155650,154250,159350,158850,158000,157360,157760,157860,157430,157594,"158089,8",157810,,,
China,CHN,Agricultural land (sq. km),AG.LND.AGRI.K2,,3423500,3451000,3479500,3508000,3546000,3582000,3618000,3654000,3700000,3746000,3792500,3838700,3894800,3961000,4007100,4066600,4126000,4184700,4231900,4276040,4329090,4425180,4529280,4645370,4763470,4824560,4877660,4933750,4994850,5056940,5113790,5143140,5182230,5228330,5228330,5228720,5233330,5236830,5231330,5220030,5199150,5185330,5161330,5164330,5174330,5141330,5145680,5145490,5145530,5145500,5145530,5145530,5145530,,,
CÃ´te d'Ivoire,CIV,Agricultural land (sq. km),AG.LND.AGRI.K2,,156800,158800,158800,159800,160800,160800,161500,161500,162000,162000,163000,163100,164400,166250,167150,168400,170800,172100,172250,172550,173700,174900,175840,179010,181800,182800,184000,187200,188200,189300,189500,192000,195020,197000,198000,198000,197000,197000,196000,196000,196000,196000,196000,200000,202000,203000,206000,206000,206000,206000,206000,206000,206000,,,
Cameroon,CMR,Agricultural land (sq. km),AG.LND.AGRI.K2,,75100,75700,76200,76800,77400,78000,78700,79200,79700,79780,80280,80950,81600,82800,83950,85100,86440,86710,89120,89300,89600,90100,90600,91100,91600,92300,92100,92100,91900,91700,91500,91600,91600,91600,91600,91600,91600,91600,91600,91600,91600,91600,91600,92100,92130,92130,92130,92630,93130,97000,97500,97500,97500,,,
Congo,COG,Agricultural land (sq. km),AG.LND.AGRI.K2,,105400,105400,105420,105430,105430,105430,105430,105430,105440,105480,105480,105500,105540,105580,105620,105680,105650,105200,105220,105250,105280,105540,105580,105620,105680,105650,105400,105420,105440,105210,105230,105250,105300,105180,105200,105220,105360,105380,105440,105400,105400,105400,105400,105450,105470,105500,105500,105500,105630,105760,105960,106020,106270,,,
Colombia,COL,Agricultural land (sq. km),AG.LND.AGRI.K2,,399700,409720,414930,419950,430080,430200,430230,430250,430300,430300,450540,450680,450840,450990,451150,451300,453150,452610,452770,452920,453080,453230,453390,453560,453750,453950,454010,452830,451830,450830,448840,449830,449030,448650,445130,449200,450820,455430,456680,448590,417450,416070,420510,423910,425570,421740,424360,426140,425400,425030,417210,426176,448156,,,
Comoros,COM,Agricultural land (sq. km),AG.LND.AGRI.K2,,950,950,950,950,950,950,950,950,950,950,950,950,950,950,950,950,950,1000,1000,1000,1000,1000,1000,1100,1100,1100,1130,1140,1140,1140,1140,1150,1150,1200,1220,1240,1260,1300,1320,1330,1350,1350,1350,1350,1330,1330,1330,1330,1330,1330,1330,1330,1330,,,
Cape Verde,CPV,Agricultural land (sq. km),AG.LND.AGRI.K2,,650,650,650,650,650,650,650,650,650,650,650,650,650,650,650,650,650,650,650,650,650,650,650,650,650,650,650,670,670,680,680,690,690,690,700,700,720,720,710,710,730,740,740,750,750,760,760,780,780,780,780,840,840,,,
Costa Rica,CRI,Agricultural land (sq. km),AG.LND.AGRI.K2,,13950,14100,14200,14850,15550,16350,16360,17160,17900,18560,18870,18870,20480,20480,21220,22050,22870,23600,24430,25160,25990,26790,26820,27480,26810,26120,25390,24630,23780,23050,22380,21600,21130,20950,20480,19950,19530,19150,18880,18400,18330,18260,18290,18220,18050,18150,18000,17930,18160,18190,18190,18120,18170,,,
Caribbean small states,CSS,Agricultural land (sq. km),AG.LND.AGRI.K2,,22340,22370,22400,22420,22200,22340,22330,22350,22390,22320,22410,22390,22530,22549,22540,23360,24240,25150,25982,25975,25968,25800,25672,25725,25778,25842,25960,25990,26060,26149,26238,26297,26637,26585,26510,26464,26360,26245,26284,25977,25902,25732,25790,"25666,3",25197,"25189,1","25129,9",24990,25165,25126,25126,25088,25188,,,
Cuba,CUB,Agricultural land (sq. km),AG.LND.AGRI.K2,,35500,38050,40380,47550,45480,45100,46210,47270,47450,50220,50730,55810,58510,56310,58100,59970,60380,59480,58620,59370,59380,60830,61790,61420,62220,64510,67260,67880,67720,67410,67550,67750,67300,66860,66840,66150,66870,66740,66600,65540,66560,66540,66380,65280,66370,66300,66200,65670,65140,64609,64079,64056,63423,,,
Curacao,CUW,Agricultural land (sq. km),AG.LND.AGRI.K2,,,,,,,,,,,,,,,,,,,,,,,,,,,,,,,,,,,,,,,,,,,,,,,,,,,,,,,,,
Cayman Islands,CYM,Agricultural land (sq. km),AG.LND.AGRI.K2,,27,27,27,27,27,27,27,27,27,27,27,27,27,27,27,27,27,27,27,27,27,27,27,27,27,27,27,27,27,27,27,27,27,27,27,27,27,27,27,27,27,27,27,27,27,27,27,27,27,27,27,27,27,,,
Cyprus,CYP,Agricultural land (sq. km),AG.LND.AGRI.K2,,4040,4020,4050,4030,4020,4000,4010,4010,3990,3980,3960,3940,3942,2870,1803,1780,1760,1745,1725,1715,1759,1820,1830,1820,1628,1632,1624,1614,1614,1606,1592,1596,1587,1434,1431,1432,1422,1442,1442,1415,1400,1400,1540,1560,1670,1570,1472,1156,1276,1140,1163,1164,1090,,,
Czech Republic,CZE,Agricultural land (sq. km),AG.LND.AGRI.K2,,,,,,,,,,,,,,,,,,,,,,,,,,,,,,,,,,42820,42840,42800,42800,42800,42840,42820,42800,42780,42720,42690,42650,42600,42540,42490,42440,42390,42340,42290,42250,42190,,,
Germany,DEU,Agricultural land (sq. km),AG.LND.AGRI.K2,,193750,193930,194020,194580,195340,195310,194120,192850,192540,190230,189520,189490,188970,188210,187920,187580,187090,186590,185940,185190,184610,183960,183300,182840,182440,182080,181250,180970,180560,180320,171360,169510,171620,173080,173430,173370,173270,173730,171520,170680,170340,169670,170010,170130,170310,169460,169500,169210,168860,167000,167190,166640,166970,,,
Djibouti,DJI,Agricultural land (sq. km),AG.LND.AGRI.K2,,13010,13010,13010,13010,13010,13010,13010,13010,13010,13010,13010,13010,13010,13010,13010,13010,13010,13010,13010,13010,13010,13010,13010,13010,13010,13010,13010,13010,13010,12990,13360,13710,14010,14010,14510,14810,15010,15010,15510,16010,16810,17010,17010,17010,17010,17013,17015,17012,17013,17016,17020,17020,17020,,,
Dominica,DMA,Agricultural land (sq. km),AG.LND.AGRI.K2,,170,180,170,170,180,190,190,190,190,190,190,190,190,190,190,190,190,190,190,190,190,190,190,190,190,190,190,180,180,180,180,180,180,180,170,170,170,170,190,210,220,220,220,220,220,220,220,220,230,250,250,250,250,,,
Denmark,DNK,Agricultural land (sq. km),AG.LND.AGRI.K2,,31600,31410,30880,30680,30330,30270,30230,30170,29910,29750,29510,29560,29860,29320,29370,29330,29270,29210,29200,29050,28970,28870,28460,28550,28340,28190,27980,27870,27740,27880,27700,27560,27390,26910,27260,27160,26880,26720,26440,26470,26760,26650,26580,26460,27070,27100,26630,26680,26340,26260,26900,26240,26090,,,
Dominican Republic,DOM,Agricultural land (sq. km),AG.LND.AGRI.K2,,21900,22050,22200,22350,22500,22650,22800,22900,23300,23350,23440,23700,24050,24250,24550,25100,25400,25650,25900,26200,26250,26300,26300,26300,26300,26370,26370,26370,26410,25460,25460,25460,25460,25460,25760,25750,25000,25100,24670,25150,25150,25150,24350,24170,24170,24170,24170,23970,23970,23970,23970,23520,23520,,,
Algeria,DZA,Agricultural land (sq. km),AG.LND.AGRI.K2,,454710,449000,445100,441640,441670,441670,442510,442030,442030,442160,454330,453960,443040,443360,437530,440210,438320,438430,438200,438300,391710,391070,392820,396100,390510,386880,387790,388170,387600,386760,386220,388650,388620,396400,396490,396360,396900,398260,397310,400210,401090,398550,399057,411450,412110,411810,412520,413090,413800,413740,413880,"413986,9","414316,4",,,
East Asia & Pacific (excluding high income),EAP,Agricultural land (sq. km),AG.LND.AGRI.K2,,5695265,5728138,5763072,5798590,5840674,5880721,5922565,5962256,6009448,6061119,6099817,6157592,6220587,6299315,6353394,6271584,6346094,6411680,6453938,6504087,6562650,6665024,6776293,6882498,7037250,7123358,7214637,7289519,7363462,7435437,7464795,7468085,7469894,7510080,7521237,7524988,7639832,7647321,"7677190,9",7686366,7672296,7662348,"7511071,4",7544636,7543623,7523111,7550197,7572108,7596712,7606413,7618405,7629993,7639128,,,
Early-demographic dividend,EAR,Agricultural land (sq. km),AG.LND.AGRI.K2,,11599250,11595580,11579690,11569230,11563440,11563410,11560440,11563910,11562570,11568565,11573940,11615250,11635670,11642550,11644800,11650320,11669340,11686830,11716285,11714530,11679986,"11716009,4","11727815,4","11825786,6",11924622,12004402,12128583,12191062,12275058,12367376,12376369,"13062046,8",13344079,13345300,13373133,"13410749,6","13439266,2","13470255,2",13505819,13527198,13548635,13547755,13598683,"13696946,8",13556152,13590532,"13645084,8","13642669,4",13662746,"13700776,9","13720455,6","13748601,8","13761681,4",,,
East Asia & Pacific,EAS,Agricultural land (sq. km),AG.LND.AGRI.K2,,10573658,10628171,10690515,10752713,10834468,10885365,10952769,10973000,11058482,11138743,11190131,11262966,11350781,11436219,11483788,11414338,11395948,11442274,11522542,11597141,11658844,11708368,11749977,11873662,12024864,12090492,12182421,12268293,12288216,12332851,12345881,12378911,12320790,12440436,12391303,12412244,12496118,12518837,"12447586,9",12479612,12462682,12332004,"12102779,4",12142304,"12189465,6","12062801,5",11995754,11934359,11877008,"11780924,4","11902860,3","11870931,3","11790110,7",,,
Europe & Central Asia (excluding high income),ECA,Agricultural land (sq. km),AG.LND.AGRI.K2,,580230,582530,590200,590360,591170,593610,592450,596940,608680,603480,604580,609650,608190,604170,599430,601310,603040,603350,611820,608420,608560,594500,589860,598900,604310,607980,617970,616510,619330,617260,621530,6489522,6463096,6455530,6393246,6374508,6395435,6381209,6376317,6383597,6374252,6358938,6341790,6327688,6317686,6358320,6340206,6322976,6315925,6370978,6364832,6363380,"6385886,3",,,
Europe & Central Asia,ECS,Agricultural land (sq. km),AG.LND.AGRI.K2,,2536165,2534970,2536589,2528358,2520211,2517511,2513833,2507954,2517474,2490656,2470656,2468344,2459822,2449895,2440309,2432840,2431579,2431327,2435073,2426875,2422751,2405878,2388969,2395448,2396582,2396293,2403707,2396893,2398595,2390237,2361288,8321713,8352316,8339143,8260557,8239463,8253693,8239728,8227693,8229128,8199845,8168691,"8134842,3",8116761,"8106982,5","8141227,2","8105021,2",8090649,"8071547,8","8109355,3","8095271,4","8087612,2","8107339,1",,,
Ecuador,ECU,Agricultural land (sq. km),AG.LND.AGRI.K2,,47100,47100,47200,47200,47300,47300,47400,47350,47950,48550,49150,49750,50350,51680,53850,55550,58350,60050,61900,64780,67590,69600,70950,72550,74200,75800,77210,77260,77530,78460,79140,79530,79750,81290,81080,79870,80120,80270,80750,80660,77850,74900,72500,75270,75000,74440,74120,74450,75344,74977,73461,75069,75140,,,
Egypt,EGY,Agricultural land (sq. km),AG.LND.AGRI.K2,,25680,25050,24900,25060,26720,27800,28010,28010,28350,28430,28520,28550,28550,28430,28250,27300,26350,25400,24470,24450,24680,"24452,4","24347,4","24582,6",24970,25670,25470,25810,25710,26480,26430,"29962,8",32460,32460,32830,"31764,6","32449,2","32596,2",34830,32910,33380,34240,34090,34780,35230,35330,35380,35420,36890,36710,36200,36960,37610,,,
Euro area,EMU,Agricultural land (sq. km),AG.LND.AGRI.K2,,1358037,1356951,1354885,1348276,1344045,1340214,1339344,1331571,1332245,1317932,1298057,1293527,1287743,1284204,1280551,1271819,1270556,1270956,1267200,1263425,1262306,1260497,1249774,1247047,1244902,1242096,1240344,1232826,1233351,1228434,1196789,1269644,1290877,1286612,1270333,1272025,1266058,1266452,1263417,1272678,1258616,1251615,"1242385,3",1236071,"1240317,5","1225592,2","1215488,2",1216473,1208476,"1208198,8",1197409,"1194482,2","1192778,8",,,
Eritrea,ERI,Agricultural land (sq. km),AG.LND.AGRI.K2,,,,,,,,,,,,,,,,,,,,,,,,,,,,,,,,,,74000,74060,74070,73380,73600,74670,74670,75300,75320,75320,75670,75000,75220,75720,75720,75720,75920,75920,75920,75920,75920,,,
Spain,ESP,Agricultural land (sq. km),AG.LND.AGRI.K2,,332300,332320,331370,327530,326940,321560,323820,321590,325270,321190,326840,325680,322800,320780,319210,315160,315900,314780,313550,312380,312060,311910,307910,306280,307120,306100,306010,305780,307010,304720,303710,302790,300330,301830,297190,301390,300590,299580,297780,297660,295200,294190,291530,290710,291640,286130,280040,281420,279700,275450,270140,269420,269420,,,
Estonia,EST,Agricultural land (sq. km),AG.LND.AGRI.K2,,,,,,,,,,,,,,,,,,,,,,,,,,,,,,,,,13740,13200,11010,9910,10050,10230,10430,10010,9860,8900,6980,8290,7700,8820,8990,9140,9070,9310,9490,9450,9560,9660,,,
Ethiopia,ETH,Agricultural land (sq. km),AG.LND.AGRI.K2,,578360,582490,583800,583300,586750,587700,588500,589700,592000,591500,593400,595300,594800,594300,593800,593300,593100,592890,592770,591150,588600,586050,583480,578900,576900,573850,570300,567750,565200,563120,561580,561050,305400,304720,305000,305000,304920,305080,306760,306620,306054,304980,316070,331010,335910,342190,350770,345130,349850,356830,363252,364880,362590,,,
European Union,EUU,Agricultural land (sq. km),AG.LND.AGRI.K2,,2106797,2104341,2098895,2091646,2083545,2079064,2077304,2068541,2067755,2047282,2026647,2019807,2012213,2007314,2001961,1995269,1992486,1992076,1986750,1981995,1977606,1974957,1962834,1960297,1956282,1952406,1950424,1945176,1940501,1934424,1901219,1993614,2050297,2044992,2027793,2025285,2020118,2014262,2007937,2001868,1980496,1963165,"1946405,3",1935801,"1935957,5","1927492,2","1904688,2",1907514,1894772,"1883226,8",1874020,"1865818,2","1863558,8",,,
Fragile and conflict affected situations,FCS,Agricultural land (sq. km),AG.LND.AGRI.K2,,4466160,4475060,4482220,4487780,4488360,4488650,4496810,4500280,4508850,4514970,4519920,4532540,4538070,4547340,4552670,4562630,4569390,4577340,4580880,4585900,4591310,4596320,4599190,4605150,4631530,4665670,4688850,4722990,4740480,4745120,4753615,4768505,4891935,4925895,4941875,4970765,4993715,5009545,5023620,5046455,"5069527,2","5087272,8","5123618,7","5126342,3","5156420,2","5169730,8","5186711,2","5183199,3",5185501,"5193791,8","5221189,3","5262431,5","5229444,5",,,
Finland,FIN,Agricultural land (sq. km),AG.LND.AGRI.K2,,27657,27851,28065,28256,28415,28594,28734,28861,27655,27242,27037,26137,25821,26054,26138,26119,25976,25851,25675,25360,25167,24877,24504,24257,24084,23934,24080,23732,23858,23930,24248,24065,23837,24119,22440,22180,21500,21920,22014,22180,22220,22360,22460,22530,22738,23008,22949,22964,22965,22919,22866,22851,22585,,,
Fiji,FJI,Agricultural land (sq. km),AG.LND.AGRI.K2,,2270,2270,2280,2280,2230,2230,2210,2190,2210,2210,2210,2300,2350,2400,2450,2600,2700,2800,2850,2900,3000,3100,3200,3300,3450,3500,3650,3800,3950,4100,4240,4350,4350,4330,4400,4400,4400,4300,4280,4280,4280,4280,4280,4280,4280,4280,4270,4280,4276,4250,4250,4250,4250,,,
France,FRA,Agricultural land (sq. km),AG.LND.AGRI.K2,,345390,344400,343540,341090,340010,338460,336290,331780,331730,324950,326230,325150,324600,324420,323570,320210,319100,319610,318340,317220,316870,316460,315650,315080,314420,313950,313530,308300,307409,305928,304849,303843,302913,302049,301502,300963,300396,299800,299291,298603,297775,296944,296301,295902,295613,293935,292779,290740,290199,288924,"288784,9","288465,9",287737,,,
Faroe Islands,FRO,Agricultural land (sq. km),AG.LND.AGRI.K2,,30,30,30,30,30,30,30,30,30,30,30,30,30,30,30,30,30,30,30,30,30,30,30,30,30,30,30,30,30,30,30,30,30,30,30,30,30,30,30,30,30,30,30,30,30,30,30,30,30,30,30,30,30,,,
"Micronesia, Federated States of",FSM,Agricultural land (sq. km),AG.LND.AGRI.K2,,,,,,,,,,,,,,,,,,,,,,,,,,,,,,,,225,225,225,225,225,225,225,225,225,225,225,225,225,225,225,225,225,225,220,220,220,220,220,,,
Gabon,GAB,Agricultural land (sq. km),AG.LND.AGRI.K2,,51950,52100,52250,52400,52550,52700,52350,52500,52150,51800,52000,51650,51350,51500,51690,51540,51770,51990,51500,51520,51520,51520,51520,51520,51520,51520,51520,51520,51520,51570,51570,51600,51600,51600,51600,51600,51600,51600,51600,51600,51600,51600,51600,51600,51600,51600,51600,51600,51600,51600,51600,51600,51600,,,
United Kingdom,GBR,Agricultural land (sq. km),AG.LND.AGRI.K2,,198000,197790,197470,197030,195850,195500,195540,194260,193800,188490,188430,187560,186960,186380,185830,185680,184900,184780,184520,184690,183200,182810,182160,182020,181680,181300,181160,184230,183060,182030,181430,180700,175340,174090,173790,174940,175850,175180,172190,169640,169530,169760,169560,170510,169560,178380,176470,176840,173250,172240,171640,171820,172502,,,
Georgia,GEO,Agricultural land (sq. km),AG.LND.AGRI.K2,,,,,,,,,,,,,,,,,,,,,,,,,,,,,,,,,32290,31280,30970,30480,30350,30370,30450,29990,30000,30030,30040,30060,24920,25200,25180,25170,25140,25150,24800,24674,24650,25514,,,
Ghana,GHA,Agricultural land (sq. km),AG.LND.AGRI.K2,,117000,117000,117000,117000,117000,117000,117000,117000,117000,117000,117000,117000,117000,117000,118000,118000,119000,120000,120000,120000,120000,122000,122000,123000,124000,124000,124000,125000,125000,126050,127200,127200,128000,129000,131000,133000,136280,140300,141800,144300,145100,146310,148350,151000,151000,153000,154000,156000,156000,156200,157200,157000,157000,,,
Gibraltar,GIB,Agricultural land (sq. km),AG.LND.AGRI.K2,,,,,,,,,,,,,,,,,,,,,,,,,,,,,,,,,,,,,,,,,,,,,,,,,,,,,,,,,
Guinea,GIN,Agricultural land (sq. km),AG.LND.AGRI.K2,,146200,146190,145950,145710,145480,145240,145000,144760,144520,144290,144050,143810,143570,143340,143200,142960,142720,142480,142450,142210,141970,141730,141590,141360,141220,140980,140740,140810,140570,141410,140490,140550,140520,140480,140240,139170,138000,137150,135400,134890,135400,137400,138450,139300,141210,141300,141800,142400,142500,143000,143000,144000,145000,,,
Gambia,GMB,Agricultural land (sq. km),AG.LND.AGRI.K2,,5240,5250,5260,5270,5280,5290,5310,5310,5330,5340,5370,5420,5470,5740,5680,5670,5740,5810,5700,5630,5850,6060,5870,5730,5730,5820,5890,6040,5860,5860,5920,5580,5570,5570,5570,5570,5570,5520,5520,5520,5400,5170,5070,5150,5270,4950,4950,5520,6030,6150,6150,6050,6050,,,
Guinea-Bissau,GNB,Agricultural land (sq. km),AG.LND.AGRI.K2,,13580,13580,13580,13580,13580,13580,13680,13680,13680,13680,13680,13680,13730,13780,13780,13780,13790,13790,13800,13830,13900,14030,14130,14400,14480,14150,14100,14000,14370,14470,14470,14470,14670,14770,14860,14920,15370,15370,15880,16280,16280,16090,16000,16100,16100,16100,16100,16100,16100,16300,16300,16300,16300,,,
Equatorial Guinea,GNQ,Agricultural land (sq. km),AG.LND.AGRI.K2,,3140,3190,3240,3250,3250,3290,3290,3290,3290,3290,3340,3340,3340,3340,3340,3340,3340,3340,3340,3340,3340,3340,3340,3340,3340,3340,3340,3340,3340,3340,3340,3340,3340,3340,3340,3340,3340,3340,3340,3340,3340,3240,3240,3240,3240,3140,3140,3090,2940,2940,2840,2840,2840,,,
Greece,GRC,Agricultural land (sq. km),AG.LND.AGRI.K2,,89100,89020,90210,89910,86780,90900,91130,91430,91440,91550,91550,91600,91430,91410,91180,91150,91120,91750,91810,91800,92060,92060,91820,92090,91840,91800,91770,91790,92150,92220,91640,91670,91600,91700,91640,91720,89850,87820,86700,85290,85020,84460,84440,83410,83550,82720,82510,82140,81860,81940,81800,81460,81370,,,
Grenada,GRD,Agricultural land (sq. km),AG.LND.AGRI.K2,,220,220,220,220,220,220,220,220,220,220,220,200,200,200,200,200,200,190,190,160,160,160,160,160,140,140,130,130,130,130,120,120,120,120,120,120,120,120,120,120,130,130,130,130,100,100,100,100,110,110,110,110,110,,,
Greenland,GRL,Agricultural land (sq. km),AG.LND.AGRI.K2,,2350,2350,2350,2350,2350,2350,2350,2350,2350,2350,2350,2350,2350,2350,2350,2350,2350,2350,2350,2350,2350,2350,2350,2350,2354,2354,2354,2354,2354,2355,2355,2356,2356,2356,2356,2357,2357,2357,2357,2358,2358,2359,2359,2359,2359,2359,2359,2359,2359,2359,2359,2359,2359,,,
Guatemala,GTM,Agricultural land (sq. km),AG.LND.AGRI.K2,,26460,26580,26700,26820,26940,27060,27280,27400,27420,27550,27670,28000,28430,28750,28880,29300,29930,30050,30160,30500,30670,31040,31190,37850,37850,37850,37850,42850,42850,42850,42850,42850,44820,45120,45120,45120,45220,44300,44400,44650,44950,45250,50640,48000,45620,43000,44140,41380,"40435,4","39620,8","38906,2","38091,6",37207,,,
Guam,GUM,Agricultural land (sq. km),AG.LND.AGRI.K2,,160,160,170,170,170,170,170,170,170,170,170,170,170,170,170,170,170,170,180,180,200,200,200,200,200,200,200,200,200,200,200,200,200,200,200,200,200,200,200,200,200,200,200,200,200,200,190,190,180,180,180,180,180,,,
Guyana,GUY,Agricultural land (sq. km),AG.LND.AGRI.K2,,13590,13590,13590,13590,13590,13640,13640,13660,13660,13710,13710,13740,13760,13760,13780,14580,15420,16260,17150,17150,17150,17150,17250,17280,17280,17300,17300,17300,17320,17320,17340,17340,17340,17340,17340,17340,17340,17340,17350,17080,17080,17080,17080,17080,16780,16780,16780,16780,16780,16780,16780,16780,16780,,,
High income,HIC,Agricultural land (sq. km),AG.LND.AGRI.K2,,13194429,13179293,13177532,13174062,13175636,13180576,13199128,13171888,13202148,13196270,13175660,13175278,13184056,13178539,13169663,13178904,13078843,13031481,13058747,13072859,13065855,13045102,12968353,13038022,13085626,13116017,13118361,13175127,13171309,13188111,13139394,13245687,13717306,13773579,13686388,13659712,13609335,13620561,13503662,13526537,13508531,13357972,"13271501,3","13253310,3","13303957,1","13146593,3","13061994,1","12980103,8","12844631,4",12694894,"12753628,5","12768838,7","12642948,7",,,
Hong Kong,HKG,Agricultural land (sq. km),AG.LND.AGRI.K2,,140,140,140,130,130,130,130,130,130,130,120,120,120,120,100,100,90,80,80,80,90,90,90,90,90,90,90,90,80,80,80,80,80,80,80,80,70,70,70,70,70,70,70,70,70,60,60,60,60,55,55,51,51,,,
Honduras,HND,Agricultural land (sq. km),AG.LND.AGRI.K2,,29800,29900,29950,30000,30050,30150,30250,30300,30300,30400,30450,30800,30900,30960,31350,31700,32450,32570,32570,32570,32640,32690,32700,32770,32780,32850,32850,32850,33710,33200,33420,33550,35480,35200,34800,34800,33950,33950,33370,29350,29360,30280,31530,31400,31500,31600,31600,31840,31980,32300,32300,32350,32350,,,
Heavily indebted poor countries (HIPC),HPC,Agricultural land (sq. km),AG.LND.AGRI.K2,,6989240,7000550,7017610,7029650,7041270,7047910,7055480,7071560,7083030,7086890,7110470,7124210,7127550,7131460,7148320,7160740,7174440,7191370,7199720,7208530,7224200,7231740,7244980,7255600,7293690,7340560,7359990,7403740,7433040,7452930,7472640,7499120,7368820,7409590,7449070,7488140,7525790,7552210,7589870,7614830,"7655339,2","7682720,8","7744816,7","7767946,1","7854509,2","7871725,8",7904166,"7951273,2","7974265,7",7999978,"7755246,7","7829240,8","7789601,5",,,
Croatia,HRV,Agricultural land (sq. km),AG.LND.AGRI.K2,,,,,,,,,,,,,,,,,,,,,,,,,,,,,,,,,24040,22720,23120,23320,19350,19410,20480,20320,11690,11780,11810,11960,11760,12110,12300,12020,12891,12996,13338,13261,13310,13019,,,
Haiti,HTI,Agricultural land (sq. km),AG.LND.AGRI.K2,,16600,16650,16700,16750,16800,16850,16900,16950,17000,17050,17100,15840,15830,15830,15830,15850,15850,15950,15950,16000,16000,16000,16000,16000,16000,16000,16000,15990,15980,15970,15960,15750,15750,15950,15900,15900,16900,16900,16900,16900,16700,16700,16700,16700,16700,16700,18200,17700,"17963,3",18700,18300,17700,18400,,,
Hungary,HUN,Agricultural land (sq. km),AG.LND.AGRI.K2,,70830,70120,69840,69790,69530,69270,69140,69030,68880,68750,68550,68460,68350,67820,67700,67570,67290,66980,66510,66270,66010,65820,65710,65540,65390,65230,65110,64970,64840,64740,64600,61360,61300,61220,61790,61840,61950,61930,61860,58540,58650,58490,58650,58640,58630,58090,58070,57900,57830,53430,53370,53380,53400,,,
IBRD only,IBD,Agricultural land (sq. km),AG.LND.AGRI.K2,,15657128,15746461,15826885,15897183,15981798,16072845,16153279,16262040,16408982,16482018,16617021,16722756,16834681,16962719,17047478,17154558,17260158,17350834,17450177,17506711,17549130,"17687821,4","17835228,4","17996940,6",18180692,18313466,18448354,18542323,18645982,18775423,18873958,"24380603,8",24443877,24491766,24508377,"24520349,6","24554975,2","24576088,2",24585966,24579689,24537952,24527912,24566213,"24671306,3",24530210,"24557442,1","24579561,9",24594694,"24621607,4","24699493,7","24735261,4","24769634,5","24869154,5",,,
IDA & IBRD total,IBT,Agricultural land (sq. km),AG.LND.AGRI.K2,,"26106233,1",26216921,"26341434,1","26439253,7","26562409,3","26633264,9","26741917,7","26862269,5","27062412,3","27116337,7","27246716,6",27335816,27512371,27599288,27694398,27664218,27742668,27841274,27928704,28028006,28046308,"28225387,4","28372368,4","28592153,6",28843904,29062312,29241407,29382895,29532952,29680786,29832341,"35793737,8",35694623,35798082,35883020,"35942758,6","36132392,2","36191162,2",36276789,36306977,"36297542,2","36325285,8","36280455,7","36411469,4","36369645,2","36437736,9","36502421,9","36551706,2","36559942,1","36682145,7","36779168,1","36900038,3",36949747,,,
IDA total,IDA,Agricultural land (sq. km),AG.LND.AGRI.K2,,"10449105,1",10470460,"10514549,1","10542070,7","10580611,3","10560419,9","10588638,7","10600229,5","10653430,3","10634319,7","10629695,6",10613060,10677690,10636569,10646920,10509660,10482510,10490440,10478527,10521295,10497178,10537566,10537140,10595213,10663212,10748846,10793053,10840572,10886970,10905363,10958383,11413134,11250746,11306316,11374643,11422409,11577417,11615074,11690823,11727288,"11759590,2","11797373,8","11714242,7","11740163,1","11839435,2","11880294,8",11922860,"11957012,2","11938334,7",11982652,"12043906,7","12130403,8","12080592,5",,,
IDA blend,IDB,Agricultural land (sq. km),AG.LND.AGRI.K2,,"2975375,1",2984060,"3009239,1","3026260,7","3058281,3","3037059,9","3057828,7","3057329,5","3103010,3","3079224,7","3066005,6",3030040,3092460,3052199,3052340,2902320,2870350,2861000,2848462,2881235,2845968,2879380,2867752,2920855,2939808,2981242,2999880,2995960,3010950,3009959,3044128,3332837,3303327,3312555,3340440,3354744,3471510,3484615,3516574,3528402,3514789,3525451,3371614,3369025,3382824,3401081,3402045,3393259,3350686,3367142,3387289,3400602,3391922,,,
Indonesia,IDN,Agricultural land (sq. km),AG.LND.AGRI.K2,,386000,386000,385500,385500,385000,384500,384500,384500,384000,384000,383500,383500,383000,383000,382560,380460,380460,380460,380000,380000,379500,379500,379000,370520,396790,412920,434850,441370,444350,450830,415240,413510,420160,419710,429780,429680,435270,438770,458770,471770,477000,481810,510060,533660,518460,515000,530000,540000,556000,556000,565000,565000,570000,,,
IDA only,IDX,Agricultural land (sq. km),AG.LND.AGRI.K2,,7473730,7486400,7505310,7515810,7522330,7523360,7530810,7542900,7550420,7555095,7563690,7583020,7585230,7584370,7594580,7607340,7612160,7629440,7630065,7640060,7651210,7658186,7669388,7674358,7723404,7767604,7793173,7844612,7876020,7895404,7914255,8080297,7947419,7993761,8034203,8067665,8105907,8130459,8174249,8198886,"8244801,2","8271922,8","8342628,7","8371138,1","8456611,2","8479213,8",8520815,"8563753,2","8587648,7",8615510,"8656617,7","8729801,8","8688670,5",,,
Isle of Man,IMN,Agricultural land (sq. km),AG.LND.AGRI.K2,,325,325,322,318,320,310,311,312,316,316,316,320,324,328,332,337,341,345,349,354,358,363,366,370,374,379,383,387,391,396,400,404,408,413,417,421,425,430,434,438,442,454,458,458,461,423,422,443,"433,9","433,8","425,7",384,388,,,
India,IND,Agricultural land (sq. km),AG.LND.AGRI.K2,,1749520,1764820,1761540,1767120,1771770,1775300,1778070,1783640,1777920,1780520,1778170,1779460,1787510,1792820,1796940,1796490,1795910,1805920,1805800,1802720,1804010,1807710,1804620,1814520,1813400,1811920,1815430,1810910,1815010,1814130,1815860,1813050,1813820,1812910,1809450,1805890,1809810,1808740,1810210,1809750,1804870,1805600,1802490,1803750,1801260,1799060,1796200,1797570,1800680,1795730,1796700,1796420,1802800,,,
Not classified,INX,Agricultural land (sq. km),AG.LND.AGRI.K2,,,,,,,,,,,,,,,,,,,,,,,,,,,,,,,,,,,,,,,,,,,,,,,,,,,,,,,,,
Ireland,IRL,Agricultural land (sq. km),AG.LND.AGRI.K2,,56400,56470,56710,56660,56620,56350,56540,56740,56910,56670,56720,56820,56820,56920,57150,57170,57220,57270,57220,57270,57320,57270,57040,56960,57050,56940,56690,56630,56550,56490,44420,44130,44040,43900,43890,43410,44310,44160,44180,44120,44100,43730,43700,43050,43020,42600,42760,42001,41890,45680,45550,45330,44770,,,
Iran,IRN,Agricultural land (sq. km),AG.LND.AGRI.K2,,592710,592900,593500,594100,594700,594800,595500,596000,596700,597000,601540,608000,614810,609600,604400,599500,596930,588670,599080,577130,582800,588670,592100,595400,603700,607000,610300,618710,617000,615000,629970,637870,641520,641570,642080,644270,638320,647870,636870,628840,638230,640440,642650,644860,476310,478520,480730,466850,465720,464690,463590,462600,461610,,,
Iraq,IRQ,Agricultural land (sq. km),AG.LND.AGRI.K2,,88000,88550,89100,88650,89200,89250,89800,89850,89900,89930,89990,91600,91700,92800,92850,92850,92850,93890,94390,94390,94390,94500,94500,94500,94650,94800,94800,95300,92300,92300,96300,95500,98700,93500,91000,91000,86600,89000,87500,83000,84900,88400,86900,86900,93900,89900,91400,81900,78500,82200,85300,85685,92300,,,
Iceland,ISL,Agricultural land (sq. km),AG.LND.AGRI.K2,,21200,21200,21200,21200,21200,21200,21200,21200,21200,20010,19910,19810,19710,19600,19500,19400,19310,19210,19110,19000,19000,19000,19000,19000,19000,19000,19000,19000,19000,19010,19010,19010,19000,19000,18990,18970,18950,18910,18890,18890,18890,18870,18850,18840,18820,18810,18760,18760,18750,18740,18732,18722,18722,,,
Israel,ISR,Agricultural land (sq. km),AG.LND.AGRI.K2,,5110,5050,5220,5250,5140,5250,5250,5210,5230,5250,5270,5270,5370,5450,5400,5300,5310,5330,5330,5330,5380,5400,5530,5640,5750,5790,5770,5760,5750,5790,5780,5770,5770,5790,5730,5640,5630,5620,5590,5660,5610,5630,5510,5135,5145,5088,5181,5156,5226,5045,5170,5262,5203,,,
Italy,ITA,Agricultural land (sq. km),AG.LND.AGRI.K2,,206830,206520,205100,204620,204400,204050,203790,203550,202270,201800,176490,175080,174820,175020,175170,175290,175010,175890,176080,175620,175510,175360,172600,172440,170950,170420,170120,168390,168500,168400,160540,159780,159100,157020,153330,153490,153450,154840,157990,156370,155020,152730,149070,148830,147360,142030,141620,144572,139824,143278,138526,137290,136300,,,
Jamaica,JAM,Agricultural land (sq. km),AG.LND.AGRI.K2,,5330,5350,5350,5330,5070,5170,5170,5170,5170,5070,5070,5070,5070,5070,5070,5070,5070,5070,4970,4970,4970,4870,4770,4770,4770,4770,4770,4770,4770,4760,4760,4760,5030,5000,4970,4940,4890,4840,4820,4790,4790,4740,4740,4720,4670,4670,4640,4490,4490,4440,4440,4440,4440,,,
Jordan,JOR,Agricultural land (sq. km),AG.LND.AGRI.K2,,10840,10860,10870,10910,10920,10940,10970,10990,11000,11040,11050,11090,11100,11140,11150,11170,11180,11220,11250,11270,11176,11241,11380,10501,11178,11258,11560,11650,11498,10402,10104,11207,10900,10720,11140,10510,10610,10660,10670,10690,10220,10250,10050,10370,10130,10180,9633,9725,10250,10023,10026,10449,10566,,,
Japan,JPN,Agricultural land (sq. km),AG.LND.AGRI.K2,,71100,71200,70200,70300,70040,68960,68380,67970,66520,66960,65410,64840,64470,64150,62730,62360,62150,61940,61740,60610,60420,60260,60110,59960,58790,58580,58400,58170,57290,56930,56540,56150,55740,55330,54430,53990,53540,53100,52710,52580,47930,47630,47360,47140,46920,46710,46500,46280,46090,45930,45610,45490,45370,,,
Kazakhstan,KAZ,Agricultural land (sq. km),AG.LND.AGRI.K2,,,,,,,,,,,,,,,,,,,,,,,,,,,,,,,,,2214630,2217470,2216510,2171865,2154736,2156918,2153298,2150753,2153933,2144856,2134689,2130014,2126705,2122860,2118765,2114356,2108514,2107833,2171618,2169885,2170121,2169941,,,
Kenya,KEN,Agricultural land (sq. km),AG.LND.AGRI.K2,,252000,252050,252100,252150,252200,252250,252300,252350,252400,252450,252500,252550,252600,252650,255720,255780,255800,255800,255800,255800,255800,255800,255800,255050,263540,263730,264350,266620,270530,267700,268770,270720,268400,272320,272180,264510,265940,264580,268760,266710,268390,268180,268740,269920,270020,270540,270700,270850,272850,273200,276300,277300,276300,,,
Kyrgyzstan,KGZ,Agricultural land (sq. km),AG.LND.AGRI.K2,,,,,,,,,,,,,,,,,,,,,,,,,,,,,,,,,100880,101200,103730,104390,106410,106610,106900,107260,107140,107760,107760,108400,107700,107450,107311,107286,107272,106173,106119,106085,105913,105858,,,
Cambodia,KHM,Agricultural land (sq. km),AG.LND.AGRI.K2,,35180,35330,35420,35950,36270,36270,36290,35770,34770,34190,24500,24500,24500,25000,25000,25500,25500,26000,26000,26500,26500,26800,26900,26910,29900,32900,37000,41500,44350,44550,45100,45150,45310,45700,45700,45800,45800,46300,46400,47700,48900,50000,51000,52300,53560,54550,54550,55550,55550,56550,56550,57550,58000,,,
Kiribati,KIR,Agricultural land (sq. km),AG.LND.AGRI.K2,,390,390,430,430,430,430,380,380,380,380,380,380,380,380,380,380,380,380,380,380,380,380,380,390,390,390,390,390,390,390,390,390,370,370,370,370,370,340,340,340,340,340,340,340,340,340,340,340,340,340,340,340,340,,,
Saint Kitts and Nevis,KNA,Agricultural land (sq. km),AG.LND.AGRI.K2,,200,200,200,200,200,200,200,200,180,150,150,150,150,150,150,150,150,150,150,150,150,140,140,130,130,120,120,120,120,120,120,120,120,100,100,90,90,90,100,95,93,81,81,"80,3",50,"50,1","50,9",51,55,57,60,60,60,,,
South Korea,KOR,Agricultural land (sq. km),AG.LND.AGRI.K2,,21130,20810,21000,21910,22780,23150,23360,23430,23370,23240,22990,22700,22710,22680,22720,22700,22670,22630,22520,22470,22450,22430,22360,22290,22200,22170,22190,22140,21970,21790,21610,21360,21180,20960,20480,20080,19830,19690,19540,19730,19450,19190,19020,18930,18810,18580,18400,18170,17950,17730,17561,17880,17687,,,
Kosovo,KSV,Agricultural land (sq. km),AG.LND.AGRI.K2,,,,,,,,,,,,,,,,,,,,,,,,,,,,,,,,,,,,,,,,,,,,,,,,5700,,,,,,,,,
Kuwait,KWT,Agricultural land (sq. km),AG.LND.AGRI.K2,,1350,1350,1350,1350,1350,1350,1350,1350,1350,1350,1350,1350,1350,1350,1350,1350,1350,1350,1350,1350,1360,1360,1360,1370,1370,1380,1380,1410,1410,1410,1410,1410,1420,1420,1420,1430,1430,1430,1440,1480,1510,1510,1510,1500,1500,1500,1510,1510,1515,1520,1525,1520,1536,,,
Latin America & Caribbean (excluding high income),LAC,Agricultural land (sq. km),AG.LND.AGRI.K2,,5308020,5362040,5414230,5461760,5501960,5543260,5578990,5635400,5727800,5750530,5814000,5863060,5904370,5955399,6002120,6038780,6084040,6105250,6139892,6169785,6199168,6243360,6286342,6318350,6342198,6393292,6429220,6453500,6482560,6544019,6591718,6612297,6648137,6654714,6734550,6772994,6788380,6808015,6825014,6827492,6818033,6831669,6880076,6956402,7003548,7036583,7065937,7090761,"7090618,7","7126709,7","7146141,2","7174260,6",7228635,,,
Lao People's Democratic Republic,LAO,Agricultural land (sq. km),AG.LND.AGRI.K2,,15500,15500,15000,14500,14500,14600,14600,14700,14720,14770,14820,15120,15320,15550,15680,15800,15900,15980,16050,16060,16090,16170,16200,16300,16350,16380,16400,16500,16520,16600,16620,16640,16650,16900,17000,17000,17560,17650,17730,18060,18410,18760,19110,19460,19850,20250,20630,21040,21680,22200,22765,22990,23350,,,
Lebanon,LBN,Agricultural land (sq. km),AG.LND.AGRI.K2,,5620,5700,5700,5800,5960,5960,6060,6160,6200,6250,6300,6350,6450,6400,6350,6300,6250,6190,6130,6010,5980,5980,5980,5980,5990,6000,6040,6040,6040,6050,6060,6060,6060,6070,6090,6180,6220,6260,5825,5950,5980,6160,6270,6383,6530,6790,6771,6630,6630,6400,6510,6580,6580,,,
Liberia,LBR,Agricultural land (sq. km),AG.LND.AGRI.K2,,25830,25810,25810,25780,25780,25750,25750,25730,25730,25710,25710,25710,25710,25710,25710,25710,25760,25760,25760,25760,25760,25800,25850,25860,25880,25970,26030,26000,26000,24930,25000,25000,25000,25000,25000,25000,25200,25600,25900,26100,26100,26100,26100,26150,26150,26150,26150,26300,26500,26600,27050,27100,27000,,,
Libya,LBY,Agricultural land (sq. km),AG.LND.AGRI.K2,,111700,113830,115850,117930,119950,122030,124050,126150,128200,130250,132350,134380,136450,138480,140550,142580,144650,146730,148750,150800,151850,152920,154050,154150,154270,154350,154400,154400,154450,154550,154600,154650,154650,154750,155150,156660,156660,154500,154500,154500,154500,154500,154500,153850,153850,153850,153850,153850,153850,153510,153510,153550,153550,,,
Saint Lucia,LCA,Agricultural land (sq. km),AG.LND.AGRI.K2,,170,170,180,180,180,180,190,190,190,190,200,200,200,199,200,200,200,200,202,205,208,210,212,215,218,212,210,210,210,209,198,197,197,195,180,174,170,155,154,142,139,131,124,111,109,101,99,101,106,106,106,106,106,,,
Latin America & Caribbean,LCN,Agricultural land (sq. km),AG.LND.AGRI.K2,,5613377,5667887,5720777,5769267,5810327,5852477,5889527,5946917,6040227,6063677,6129057,6180017,6223167,6277956,6327217,6369977,6413827,6433677,6466829,6495672,6523635,6565927,6607959,6639147,6662365,6712729,6745547,6769547,6798467,6858056,6904585,6922774,6956884,6963181,7041797,7079281,7094377,7113797,7129110,7132006,7122790,7140027,7187014,"7267339,3",7313885,"7344619,1","7371824,9",7398305,"7399702,7","7431560,7","7452085,2","7477755,4",7533189,,,
Least developed countries: UN classification,LDC,Agricultural land (sq. km),AG.LND.AGRI.K2,,7297090,7307650,7325610,7336990,7347800,7355030,7361950,7376300,7383370,7387810,7395150,7406880,7404390,7401070,7410040,7419280,7419840,7434210,7434260,7442900,7451480,7455216,7466602,7467728,7505014,7548250,7571866,7618102,7645858,7666254,7682160,7696762,7558654,7594896,7627728,7663810,7697572,7718754,7755646,7782551,"7825136,2","7849757,8","7916653,7","7937913,1","8021626,2","8040615,8",8073309,"8120246,2","8148806,7",8176602,"8218924,7","8290969,8","8253238,5",,,
Low income,LIC,Agricultural land (sq. km),AG.LND.AGRI.K2,,4648970,4657900,4674860,4683510,4691910,4695950,4701000,4715290,4722390,4726140,4742070,4748120,4751160,4746880,4754060,4760310,4762110,4777050,4780900,4789420,4797880,4801386,4811212,4810768,4823664,4832800,4829536,4837032,4838608,4857884,4873470,4885052,4717774,4740446,4757548,4782690,4813282,4831414,4864166,4888131,"4923889,2","4943340,8","4987746,7","5009006,1","5085049,2","5089775,8",5111371,"5156403,2","5176755,7",5199453,"5513180,7","5539105,8","5538083,5",,,
Liechtenstein,LIE,Agricultural land (sq. km),AG.LND.AGRI.K2,,90,90,90,90,90,90,90,90,90,90,90,90,90,90,90,90,90,90,90,90,90,90,90,90,90,80,80,80,80,70,70,70,70,70,70,70,70,70,70,70,69,69,69,69,69,68,68,68,65,63,60,60,56,,,
Sri Lanka,LKA,Agricultural land (sq. km),AG.LND.AGRI.K2,,17230,17070,20600,21030,21560,22050,22550,23210,23280,23330,23390,23450,23510,23570,23590,23960,24330,24690,23590,23490,23490,22960,23080,23110,23150,23260,23340,23370,23400,23390,23420,23440,23200,23230,23260,23270,23280,23290,23450,23500,23510,23560,23700,23100,25100,24400,23900,25950,25100,26200,27300,26900,27400,,,
Lower middle income,LMC,Agricultural land (sq. km),AG.LND.AGRI.K2,,"8425445,1",8455430,"8482049,1","8512830,7","8551671,3","8534559,9","8564418,7","8569929,5","8613050,3","8597929,7","8585765,6",8560820,8635840,8609310,8621160,8481930,8459480,8464580,8449045,8490090,8460820,"8503512,4","8491793,4","8560012,6",8641270,8734274,8808747,8855240,8912182,8920390,8929905,"9806867,8",9824675,9858085,9915245,"9934769,6","10071874,2","10091871,2",10155203,10178465,10172585,10199685,10109775,10132959,10135708,10165662,10202236,10204305,"10184532,4","10201823,8","9960663,2","10024406,6",9986939,,,
Low & middle income,LMY,Agricultural land (sq. km),AG.LND.AGRI.K2,,"25667280,1",25780478,"25907461,1","26011840,7","26134145,3","26203510,9","26313103,7","26433935,5","26635508,3","26691533,7","26820642,6",26914142,27092277,27173954,27268634,27234504,27315174,27414780,27503370,27605642,27626304,"27808923,4","27957934,4","28177559,6",28430920,28652718,28837743,28980621,29130658,29280042,29433247,"35373175,8",35276151,35380100,35466941,"35531364,6","35721918,2","35779455,2","35866862,9",35904386,"35901730,2","35934575,8","35898071,1","36022535,1","35986639,2","36056119,8",36127920,"36173310,2","36178920,1","36315783,7","36407587,9","36533355,3","36582871,2",,,
Lesotho,LSO,Agricultural land (sq. km),AG.LND.AGRI.K2,,25810,25760,25760,25780,25780,25830,25830,25330,24780,24270,23640,23590,23590,23590,23760,23590,22920,22930,23090,22960,23020,22920,22870,23010,23080,22910,23300,23430,23050,23210,23230,23360,23340,23290,23240,23260,23290,23290,23290,23340,23340,23040,23040,23140,23270,23070,23290,23620,23390,23260,23120,22853,22521,,,
Late-demographic dividend,LTE,Agricultural land (sq. km),AG.LND.AGRI.K2,,8114925,8213088,8315602,8402330,8502244,8593591,8680765,8783696,8920768,8991754,9115717,9198652,9301029,9422504,9512197,9463384,9565054,9646415,9709390,9780117,9854317,9978524,10097769,10224963,10358386,10452878,10533044,10611743,10695954,10781342,10868480,15591393,15609797,15659112,15657044,15650607,15784834,15789600,15794507,15792989,15736486,15728379,15568075,15588484,15596865,15620118,15598856,"15622424,8",15623850,15675671,"15697314,5","15709072,2","15790625,2",,,
Lithuania,LTU,Agricultural land (sq. km),AG.LND.AGRI.K2,,,,,,,,,,,,,,,,,,,,,,,,,,,,,,,,,33890,33330,31260,34100,34110,34170,34250,34960,34180,28960,28850,25410,26043,28370,27907,26959,26721,26890,27723,28059,28422,28914,,,
Luxembourg,LUX,Agricultural land (sq. km),AG.LND.AGRI.K2,,,,,,,,,,,,,,,,,,,,,,,,,,,,,,,,,,,,,,,,,1280,1280,1280,1280,1280,1290,1290,1310,1310,1307,"1310,4","1312,7","1314,2","1308,8",,,
Latvia,LVA,Agricultural land (sq. km),AG.LND.AGRI.K2,,,,,,,,,,,,,,,,,,,,,,,,,,,,,,,,,25300,25140,25400,18320,18740,17720,17490,16170,15880,15810,15950,15820,16420,17340,18550,18390,18250,18330,18050,18160,18410,18680,,,
Macao,MAC,Agricultural land (sq. km),AG.LND.AGRI.K2,,,,,,,,,,,,,,,,,,,,,,,,,,,,,,,,,,,,,,,,,,,,,,,,,,,,,,,,,
Saint Martin (French part),MAF,Agricultural land (sq. km),AG.LND.AGRI.K2,,,,,,,,,,,,,,,,,,,,,,,,,,,,,,,,,,,,,,,,,,,,,,,,,,,,,,,,,
Morocco,MAR,Agricultural land (sq. km),AG.LND.AGRI.K2,,233700,235800,238500,241100,244200,247380,249380,252380,254290,257050,268120,261700,264250,266300,269170,271500,275000,279180,280040,289300,290900,291770,292730,293840,293980,294970,296660,297440,300640,303430,303550,306160,307110,309640,307490,309660,308950,309760,306930,306520,303700,302830,308760,300410,299890,299460,299600,299810,300026,299883,301038,304030,304010,,,
Monaco,MCO,Agricultural land (sq. km),AG.LND.AGRI.K2,,,,,,,,,,,,,,,,,,,,,,,,,,,,,,,,,,,,,,,,,,,,,,,,,,,,,,,,,
Moldova,MDA,Agricultural land (sq. km),AG.LND.AGRI.K2,,,,,,,,,,,,,,,,,,,,,,,,,,,,,,,,,25600,25570,25570,25560,25560,25560,25560,25570,25440,25390,25340,25280,25220,24990,24830,24850,24810,24720,24650,24620,24600,24610,,,
Madagascar,MDG,Agricultural land (sq. km),AG.LND.AGRI.K2,,351450,351700,351950,352200,352450,352700,352950,353200,353500,353700,353900,354200,354400,354750,357590,357640,359290,360000,360200,360400,360750,361000,361350,361600,361950,362200,362400,362700,362950,363250,363500,363700,364900,364800,364800,365960,374900,384900,395000,405000,408430,408430,408430,408430,408930,408930,408930,410950,413950,413950,414050,414150,414150,,,
Maldives,MDV,Agricultural land (sq. km),AG.LND.AGRI.K2,,50,50,50,50,50,50,50,50,50,50,60,60,70,70,70,70,70,70,70,70,70,80,80,80,80,80,80,80,80,80,80,80,80,80,80,80,80,80,80,90,100,120,120,110,90,80,70,80,80,79,79,79,79,,,
Middle East & North Africa,MEA,Agricultural land (sq. km),AG.LND.AGRI.K2,,2890240,2889290,2892120,2892960,2895530,2895600,2902140,2905520,2912640,2920450,2950960,2962840,2968120,2969830,2960500,2963830,2963080,2960210,2972040,2960480,2924016,"2932353,4","2941537,4","3000203,6",3055618,3107528,3165480,3223760,3272478,3325842,3352474,"3371679,8",3885800,3891180,3889660,"3891184,6","3884589,2","3896426,2",3884845,3874742,3883961,3892211,3899036,3907471,3745255,"3743757,5",3748024,"3724117,8","3717749,6","3722084,3","3724178,6","3727032,1","3733343,8",,,
Mexico,MEX,Agricultural land (sq. km),AG.LND.AGRI.K2,,983160,981790,981090,980490,979790,979140,978390,977690,977090,976350,969380,971500,974000,975510,975510,975510,976010,981980,979980,981800,982100,983150,1010200,1010305,1014350,1014410,1025500,1030510,1040500,1051510,1061540,1061770,1061800,1061900,1061950,1063100,1063100,1063250,1063260,1063300,1065500,1065500,1065500,1065700,1065700,1065700,1067000,1067050,1067050,1067050,1067050,1067050,1067050,,,
Marshall Islands,MHL,Agricultural land (sq. km),AG.LND.AGRI.K2,,,,,,,,,,,,,,,,,,,,,,,,,,,,,,,,120,120,120,120,120,120,120,120,120,120,120,120,120,130,130,130,130,130,130,130,130,120,115,,,
Middle income,MIC,Agricultural land (sq. km),AG.LND.AGRI.K2,,"21018310,1",21122578,"21232601,1","21328330,7","21442235,3","21507560,9","21612103,7","21718645,5","21913118,3","21965393,7","22078572,6",22166022,22341117,22427074,22514574,22474194,22553064,22637730,22722470,22816222,22828424,"23007537,4","23146722,4","23366791,6",23607256,23819918,24008207,24143589,24292050,24422158,24559777,"30488123,8",30558377,30639654,30709393,"30748674,6","30908636,2","30948041,2","31002696,9",31016255,30977841,30991235,"30910324,4",31013529,30901590,30966344,31016549,31016907,"31002164,4","31116330,7","30894407,2","30994249,5","31044787,7",,,
Macedonia,MKD,Agricultural land (sq. km),AG.LND.AGRI.K2,,,,,,,,,,,,,,,,,,,,,,,,,,,,,,,,,13070,12970,12960,12870,12900,12830,12910,12820,12350,12420,13340,13010,12620,12280,12240,10760,10630,10130,11190,11180,12670,12600,,,
Mali,MLI,Agricultural land (sq. km),AG.LND.AGRI.K2,,316980,317030,317080,317130,317180,317220,317280,317280,317280,317780,317780,317780,317780,318280,318780,320770,320750,320750,320800,320800,320830,320830,320830,320830,321030,321060,321060,321230,321230,321280,321380,322400,331400,352500,354190,366500,376500,376500,376500,386000,392740,396840,407260,397910,403920,404660,405970,405510,410454,410510,416510,416510,412010,,,
Malta,MLT,Agricultural land (sq. km),AG.LND.AGRI.K2,,180,170,160,150,140,140,140,140,140,140,140,140,140,140,130,130,140,140,140,130,130,130,130,130,130,130,130,130,130,130,130,130,130,130,110,110,100,90,90,90,100,100,104,100,93,92,93,93,93,"103,3","103,3",103,"102,3",,,
Myanmar,MMR,Agricultural land (sq. km),AG.LND.AGRI.K2,,104300,104700,105070,106200,105830,107400,107670,107680,107670,108010,108050,108050,103220,103330,103470,103620,103560,103670,103770,103850,104210,104410,104380,104220,104290,104350,104220,103730,103950,104280,104160,103980,104460,104210,104500,105040,105190,105130,106090,108120,109390,109250,109820,110820,112630,115970,119840,122770,124410,125260,125580,125490,125870,,,
Middle East & North Africa (excluding high income),MNA,Agricultural land (sq. km),AG.LND.AGRI.K2,,2008890,2007810,2010260,2010780,2013250,2012980,2019300,2022340,2029090,2036390,2066410,2077770,2082400,2083300,2073560,2076290,2074960,2071520,2082800,2070660,2033586,"2041353,4","2048287,4","2055253,6",2058488,2058698,2064630,2071350,2068448,2069362,2093844,"2111959,8",2125620,2130810,2129270,"2133624,6","2124129,2","2135946,2",2123195,2111660,2120670,2127860,2133877,2142603,1980348,1979530,1983724,1960749,1957162,1961906,1964069,"1967400,9","1974282,4",,,
Montenegro,MNE,Agricultural land (sq. km),AG.LND.AGRI.K2,,,,,,,,,,,,,,,,,,,,,,,,,,,,,,,,,,,,,,,,,,,,,,,5150,5140,5130,5140,5120,5130,5130,"2231,3",,,
Mongolia,MNG,Agricultural land (sq. km),AG.LND.AGRI.K2,,1406830,1406830,1406830,1406810,1406830,1406830,1406830,1406830,1406520,1406840,1406830,1406830,1406830,1406830,1406830,1255520,1259750,1259170,1247130,1245870,1245190,1245250,1249760,1246070,1245870,1245310,1248890,1252340,1255320,1256560,1261300,1235900,1191240,1184690,1184690,1184690,1288910,1291320,1302820,1304700,1297040,1296950,1137960,1136818,1134494,1142480,1142080,1141440,1136760,1135880,1135070,1133958,1133099,,,
Northern Mariana Islands,MNP,Agricultural land (sq. km),AG.LND.AGRI.K2,,,,,,,,,,,,,,,,,,,,,,,,,,,,,,,,40,40,40,40,40,40,40,30,30,30,30,30,30,30,30,30,30,30,30,30,30,30,30,,,
Mozambique,MOZ,Agricultural land (sq. km),AG.LND.AGRI.K2,,466490,466600,466700,466780,466880,466940,467200,468200,469240,470090,470090,470280,470800,470800,471000,471000,471000,471000,471000,471000,471500,472300,472300,473300,473800,474300,475300,475800,476300,476800,477300,477500,477500,478000,478800,479850,481350,482350,481900,481500,482500,487000,487500,488500,492500,491500,494500,496500,497700,499500,499500,499500,499500,,,
Mauritania,MRT,Agricultural land (sq. km),AG.LND.AGRI.K2,,395220,395220,395230,395230,395230,395230,395230,395230,395330,395330,394930,394930,394800,394500,394460,394490,394500,394460,394490,394640,394840,395040,395240,395350,395550,395750,395950,396150,396350,396560,396660,396780,396900,397300,397600,397500,397500,397500,397500,397500,397120,396620,396620,396610,396610,396610,396610,396610,396510,397110,396610,396610,397110,,,
Mauritius,MUS,Agricultural land (sq. km),AG.LND.AGRI.K2,,990,1000,1000,1000,1010,990,1050,1110,1110,1120,1120,1130,1130,1130,1130,1140,1140,1140,1140,1140,1140,1140,1140,1140,1140,1140,1140,1130,1120,1110,1100,1090,1070,1050,1040,1030,1020,1020,1000,1010,1020,1000,990,980,960,940,920,910,910,910,890,870,860,,,
Malawi,MWI,Agricultural land (sq. km),AG.LND.AGRI.K2,,32000,33000,33500,34000,36030,36530,36050,37070,37570,37070,38570,39070,39570,39600,39100,39120,39150,39680,39700,38300,39300,40300,39400,39900,40050,41050,41100,41150,41650,42180,43200,42700,42700,40700,42800,43800,44300,45800,46800,47300,48300,48300,49800,49800,51800,52850,49850,54350,54850,56850,55850,57350,57900,,,
Malaysia,MYS,Agricultural land (sq. km),AG.LND.AGRI.K2,,31185,31878,33142,33770,35944,36021,36675,38086,38648,39574,40347,41332,42147,42745,43844,44664,45984,47500,48673,49617,51010,51414,52587,52668,55050,58614,62050,65039,68280,68457,68760,68848,69787,70613,70517,70623,70557,70369,70210,70213,69839,69921,70819,71030,71426,71117,72155,72009,73030,74660,76190,77350,78390,,,
North America,NAC,Agricultural land (sq. km),AG.LND.AGRI.K2,,5173344,5139443,5115243,5092204,5062104,5060144,5054114,5055383,5048293,5034213,5019613,5009133,4997663,4986773,4986303,4985833,4982493,4955743,4950663,4945593,4940523,4976753,4980633,4984503,4988383,4992243,4947603,4947463,4947303,4947163,4947013,4932433,4908223,4890733,4881334,4843614,4828294,4824224,4816104,4820124,4824464,4805814,4814604,4790724,4793534,4751692,4781404,4779237,4739012,4716951,4672666,4740528,4706883,,,
Namibia,NAM,Agricultural land (sq. km),AG.LND.AGRI.K2,,386420,386420,386420,386460,386460,386460,386490,386490,386490,386510,386530,386530,386530,386530,386530,386550,386550,386560,386560,386570,386570,386570,386620,386620,386620,386620,386620,386620,386620,386620,386620,386620,387000,387500,388200,388200,388200,388200,388200,388200,388200,388200,388200,388200,388200,388200,388080,388080,388080,388090,388090,388090,388090,,,
New Caledonia,NCL,Agricultural land (sq. km),AG.LND.AGRI.K2,,2610,2610,2610,2620,2620,2620,2620,2630,2630,2630,2630,2640,2640,2640,2640,2650,2650,2650,2650,2650,2650,2720,2800,2900,2780,2670,2560,2460,2360,2320,2290,2300,2300,2310,2330,2350,2380,2400,2430,2450,2480,2500,2436,2366,2301,2246,2181,2106,2056,1986,1903,1843,1842,,,
Niger,NER,Agricultural land (sq. km),AG.LND.AGRI.K2,,315000,315000,315000,315000,315000,315000,315000,321770,321760,312000,312300,311770,308140,297800,297800,297800,297800,297800,299580,307200,302800,303600,310100,307800,307800,312800,310120,313000,314050,330470,341050,350000,350000,350000,360000,360000,360000,360000,370000,370000,380000,380000,384120,384720,429650,429890,437820,437820,437820,439820,444820,447820,447820,,,
Nigeria,NGA,Agricultural land (sq. km),AG.LND.AGRI.K2,,"531765,1",539000,"560169,1","569710,7","590701,3","565059,9","582128,7","581719,5","638140,3","610304,7","594775,6",551500,603000,561500,551500,551500,504930,489550,482340,504380,472190,484030,486930,526060,549240,600010,603410,607880,611820,615860,639290,644470,650650,662160,684000,686000,688000,696500,709000,713000,695000,706000,717500,718000,727000,733000,737000,727000,690000,700000,710000,720000,708000,,,
Nicaragua,NIC,Agricultural land (sq. km),AG.LND.AGRI.K2,,34300,34300,34680,34880,35180,35800,35800,35800,35850,35850,36050,36100,36200,36300,36300,36300,37300,37350,37400,37450,38270,38290,38300,38830,38550,38570,38890,39400,39930,40250,40600,41200,41900,42200,45530,46540,48080,49130,50180,51410,51750,52780,53360,52370,53060,52000,51850,51200,51050,50260,50709,51030,50650,,,
Netherlands,NLD,Agricultural land (sq. km),AG.LND.AGRI.K2,,23140,23030,22890,22680,22550,22450,22390,22270,22100,21930,21280,21140,21010,20940,20820,20730,20600,20460,20340,20200,20110,20050,20090,20160,20190,20150,20140,20120,20040,20060,19910,19860,19880,19710,19640,19810,19660,19730,19670,19560,19310,19490,19230,19494,19377,19196,19144,19293,19174,18723,18584,18417,18476,,,
Norway,NOR,Agricultural land (sq. km),AG.LND.AGRI.K2,,10340,10310,10280,10190,10110,10050,10000,9940,9860,9540,9310,9100,9040,9010,8980,8960,8990,9000,9540,9360,9360,9420,9450,9540,9570,9690,9700,9760,9910,9760,10100,10030,10130,10300,11270,11320,10380,10470,10380,10420,10470,10460,10400,10400,10360,10350,10320,10248,"10143,9",10060,9990,9928,"9872,1",,,
Nepal,NPL,Agricultural land (sq. km),AG.LND.AGRI.K2,,35530,35530,35630,35530,35530,35530,35670,35670,35670,37020,37020,38220,39530,39940,40090,40250,40400,40550,40700,40850,41030,41066,41102,41138,41164,41320,41346,41382,41408,41444,41470,41582,41694,41806,41918,42030,42142,42254,42366,42491,42610,42410,42270,42180,42020,41850,41660,41520,41400,41260,41266,41210,41210,,,
Nauru,NRU,Agricultural land (sq. km),AG.LND.AGRI.K2,,3,3,3,3,4,4,4,4,4,4,4,4,4,4,4,4,4,4,4,4,4,4,4,4,4,4,4,4,4,4,4,4,4,4,4,4,4,4,4,4,4,4,4,4,4,4,4,4,4,4,4,4,4,,,
New Zealand,NZL,Agricultural land (sq. km),AG.LND.AGRI.K2,,157770,158570,158930,159160,158520,158280,158440,158400,156830,156770,156700,160610,160220,159990,163790,167150,166110,167970,166840,168070,173320,167290,167300,165790,164460,165090,164700,163350,162560,161820,161190,159600,159190,151160,149750,149040,149030,149030,149030,154130,154180,120990,118580,118900,117120,113750,114870,113740,114900,114080,113710,112094,111060,,,
OECD members,OED,Agricultural land (sq. km),AG.LND.AGRI.K2,,13475230,13461045,13466537,13462120,13463651,13470441,13487022,13462942,13503329,13493481,13467511,13474495,13485408,13477319,13465876,13474225,13375780,13334430,13368152,13381019,13374527,13340418,13284197,13311597,13317050,13299862,13271240,13280023,13241311,13213805,13176996,13222980,13197095,13257506,13160683,13140531,13086153,13103333,12988626,13021483,13015592,12866860,"12777203,3",12765585,"12813739,5","12651657,2","12561450,2",12475207,"12338760,9","12193121,5","12243325,7",12263397,"12136727,6",,,
Oman,OMN,Agricultural land (sq. km),AG.LND.AGRI.K2,,10350,10350,10350,10360,10360,10360,10380,10400,10400,10420,10420,10440,10450,10460,10470,10480,10490,10510,10510,10510,10510,10510,10550,10590,10610,10670,10700,10730,10770,10800,10800,10830,10720,10720,10710,10710,10700,10710,10710,11730,11736,12734,13730,14720,14650,14630,14650,14670,14740,14726,14760,14728,14685,,,
Other small states,OSS,Agricultural land (sq. km),AG.LND.AGRI.K2,,809000,809260,809450,809730,809980,810290,810220,809970,809040,807240,806760,806540,806302,805360,802853,803110,802910,803245,802295,801655,802009,802430,802520,802860,803028,803112,803604,803554,803164,803396,803132,816556,817887,816684,816871,817462,817912,817352,817992,819487,818105,815987,816799,817423,819037,"823069,5",822709,"823811,8","824639,6","824203,3","824564,8","824073,4","820709,5",,,
Pakistan,PAK,Agricultural land (sq. km),AG.LND.AGRI.K2,,357300,358400,358800,363550,372350,374150,374700,371700,357000,358650,354850,355050,364000,357400,360350,357120,359130,364170,363370,374160,365040,385090,364090,375000,371180,355710,366710,353470,358600,352060,352700,353800,357500,357900,360260,361720,366690,367600,367560,366980,369720,368840,368420,360450,359650,361350,360130,353130,352770,352420,359360,360630,362800,,,
Panama,PAN,Agricultural land (sq. km),AG.LND.AGRI.K2,,16240,16340,16440,16480,16580,16680,16690,16790,16870,16840,17130,17430,17630,17850,18060,18270,18490,18500,18520,18550,18820,19140,19410,19660,19950,20200,20450,20700,21000,21240,21340,21500,21500,21350,21320,21320,21400,21490,21570,22300,22404,22378,22352,22326,22300,22244,22318,22292,22316,"22663,9",22630,22570,22570,,,
Peru,PER,Agricultural land (sq. km),AG.LND.AGRI.K2,,169560,170990,174300,176680,177500,176750,176840,177800,178190,179130,179220,182720,183190,183190,183290,184190,185420,185940,186300,186790,187040,187540,188020,188530,188650,188940,189190,189290,189390,218360,218960,219560,219660,216379,218890,221220,223350,226030,228260,231240,231070,227550,228880,229060,232360,234120,235680,237150,239460,240230,241040,243260,243340,,,
Philippines,PHL,Agricultural land (sq. km),AG.LND.AGRI.K2,,77130,77920,78720,81520,81320,81300,83050,82810,82530,83100,82790,84300,85960,88620,91920,96740,100900,101400,103940,106250,106700,107400,107800,108200,109100,109800,110200,110600,111000,111400,111570,111150,110650,110150,110150,111050,113350,112850,112350,112340,111840,111350,112400,114700,113550,115800,117900,120100,121000,121000,122600,124300,124400,,,
Palau,PLW,Agricultural land (sq. km),AG.LND.AGRI.K2,,,,,,,,,,,,,,,,,,,,,,,,,,,,,,,,50,50,50,50,50,50,50,50,50,50,50,50,50,50,50,50,50,50,50,50,50,50,50,,,
Papua New Guinea,PNG,Agricultural land (sq. km),AG.LND.AGRI.K2,,4950,4950,4950,5050,5050,5110,5560,5850,6160,6410,6690,6790,6890,6980,7140,7240,7350,7560,7680,7720,7780,7700,7670,7750,8080,8300,8460,8630,8700,8770,8820,8870,8930,8980,9340,9550,9620,9740,9930,10050,10100,10000,10050,10200,10300,10400,10400,11900,11900,11900,11900,11900,11900,,,
Poland,POL,Agricultural land (sq. km),AG.LND.AGRI.K2,,203220,202620,201840,201300,199460,199470,198190,197770,195570,195430,195080,193710,193260,192570,192240,191990,191590,191110,190480,190070,189100,188910,188790,189390,189140,188790,188690,188200,188070,187930,187530,187430,187150,187070,186220,184740,184570,184430,184350,184130,177880,168990,161690,163270,159060,159570,154690,156010,156190,144490,147790,145290,144100,,,
Pre-demographic dividend,PRE,Agricultural land (sq. km),AG.LND.AGRI.K2,,"7334575,1",7350690,"7389229,1","7410110,7","7439191,3","7418399,9","7442538,7","7456849,5","7520340,3","7496414,7","7497605,6",7462720,7517700,7475460,7478930,7490140,7448310,7448580,7443920,7475770,7455120,7474590,7492680,7539040,7610430,7706110,7732470,7784210,7817270,7839680,7884890,7918260,8044540,8096100,8147120,8176090,8205480,8234910,8281710,8302970,"8327985,2","8366000,8","8432606,7","8441367,3","8535530,2","8546586,3","8573812,2","8605108,8","8589663,7","8624463,8","8679186,3","8759933,5","8716691,5",,,
Puerto Rico,PRI,Agricultural land (sq. km),AG.LND.AGRI.K2,,6160,6010,6050,5850,6090,5810,5680,5660,5620,5520,5300,5150,4920,4940,4930,4930,4910,4950,4860,4750,4670,4670,4660,4640,4610,4630,4620,4620,4500,4350,4200,4100,3110,3090,3090,3090,2910,2725,2599,2472,2347,2220,2160,2100,2010,1949,1890,1906,1922,1937,1953,1968,1977,,,
North Korea,PRK,Agricultural land (sq. km),AG.LND.AGRI.K2,,23800,23800,23800,23800,23800,23800,23800,23800,23800,23800,23800,23800,24300,24300,24300,24300,24300,24300,24300,25150,25150,25150,25150,25150,25150,25150,25150,25150,25150,25180,25300,25300,25500,26500,26500,25500,25500,25500,25500,25500,25500,25500,25500,25500,26000,26000,26000,26500,26700,26800,26300,26300,26300,,,
Portugal,PRT,Agricultural land (sq. km),AG.LND.AGRI.K2,,38750,38810,38870,38930,38990,39050,39110,39130,39230,39290,39350,39410,39460,39510,39560,39610,39660,39710,39760,39790,39820,39850,39880,39910,39940,39970,40010,40050,40050,39630,39200,38780,39590,39520,39240,37300,35820,37700,38630,38300,37950,38470,38110,38170,38210,37640,36510,37545,37298,36770,36670,36580,36420,,,
Paraguay,PRY,Agricultural land (sq. km),AG.LND.AGRI.K2,,104110,105220,106400,107720,108950,110200,111210,112170,113170,114170,115180,116180,117660,120330,122540,124740,126840,124050,126150,130350,134570,138930,144300,149670,154990,165510,170480,170850,171220,171590,171950,173450,173450,160320,164580,190210,191710,196020,200830,203250,202000,195810,193460,196400,199400,202350,205300,208370,211000,212300,213900,215000,215850,,,
Pacific island small states,PSS,Agricultural land (sq. km),AG.LND.AGRI.K2,,5113,5133,5193,5193,5284,5294,5224,5214,5254,5319,5324,5424,5474,5534,5654,5834,5974,6084,6189,6254,6414,6554,6680,6814,6984,7098,7241,7454,7396,7574,8139,8279,8279,8269,8409,8429,8419,8339,8347,8329,8356,8376,8416,8416,8486,8538,8542,8557,8577,8612,8612,8612,8607,,,
Post-demographic dividend,PST,Agricultural land (sq. km),AG.LND.AGRI.K2,,11800090,11787505,11787547,11791280,11791901,11795631,11815402,11788302,11820779,11818001,11795991,11799785,11808958,11798789,11789176,11796345,11698060,11651230,11679352,11694989,11689717,11671968,11595057,11612862,11610200,11592452,11549140,11555783,11500691,11466825,11429818,12034152,11982037,12040188,11963035,11940643,11888745,11892385,11775628,11794905,11784294,11637562,"11557345,3",11536295,"11589365,1","11432855,7","11353879,2",11270652,"11134790,9","10997265,2","11051807,3","11072238,5","10944503,6",,,
French Polynesia,PYF,Agricultural land (sq. km),AG.LND.AGRI.K2,,440,440,440,440,440,440,440,440,440,440,440,440,440,440,440,440,440,440,440,440,440,440,440,440,440,440,430,430,430,430,430,430,430,430,430,430,430,430,430,430,430,450,450,450,450,450,450,450,445,445,455,455,455,,,
Qatar,QAT,Agricultural land (sq. km),AG.LND.AGRI.K2,,510,510,510,510,510,510,510,510,510,510,510,510,510,520,520,520,520,520,530,550,560,570,580,590,590,600,610,610,600,610,610,640,650,650,650,660,660,660,660,660,663,645,646,646,642,656,656,"691,8",651,665,"650,3","665,2","676,1",,,
Romania,ROU,Agricultural land (sq. km),AG.LND.AGRI.K2,,146010,146880,147240,147420,147910,148350,148380,149720,149680,149300,149350,149430,149040,149290,149460,149550,149600,149650,149670,149640,149480,149630,149810,149920,150200,150380,150930,151090,147580,147690,147980,147900,147930,147980,147970,147820,147980,147470,147810,148570,147980,148180,148000,141300,141800,140390,136300,136340,136210,141560,139820,137330,139050,,,
Russian Federation,RUS,Agricultural land (sq. km),AG.LND.AGRI.K2,,,,,,,,,,,,,,,,,,,,,,,,,,,,,,,,,2216310,2187950,2177110,2164000,2161110,2179890,2172870,2167900,2171620,2168610,2166510,2162770,2159800,2156800,2154880,2154630,2154940,2154500,2139520,2146500,2143500,2168400,,,
Rwanda,RWA,Agricultural land (sq. km),AG.LND.AGRI.K2,,13150,13250,13350,13450,13550,13650,13750,13830,13970,14040,14480,15080,15050,15840,16120,16390,16650,16800,16970,17150,17600,17750,17900,18080,18190,18300,18420,18530,18550,18790,18770,18370,17300,14850,14850,15450,15950,16150,16610,16700,17490,18310,18040,"18158,8",17829,"18029,5","18048,8","18074,4","18088,7","18039,2","18164,4","18157,3",18425,,,
South Asia,SAS,Agricultural land (sq. km),AG.LND.AGRI.K2,,2635040,2651870,2653150,2664860,2680040,2686390,2691460,2694460,2674330,2680420,2674620,2680460,2698840,2698090,2705480,2702330,2704250,2719770,2717900,2725780,2718110,2741406,2717452,2739428,2734224,2717680,2733156,2718482,2727848,2719904,2722070,2712782,2715144,2712726,2711888,2709480,2719272,2720694,2721776,2719641,2717720,2716940,2714750,2707770,2706260,2704410,2699350,2695093,2696790,2692399,2700281,2700735,2709665,,,
Saudi Arabia,SAU,Agricultural land (sq. km),AG.LND.AGRI.K2,,861700,861900,862120,862410,862620,862840,863040,863400,863750,864200,864670,865170,865700,866400,866840,867500,868040,868560,869090,869620,870130,870680,872700,924230,976250,1027800,1079800,1131300,1182900,1234810,1236720,1237460,1737850,1737850,1737850,1735000,1737850,1737850,1737850,1737850,1737910,1737930,1737980,1737090,1737170,1736740,1736750,1735720,1734350,1734060,1733880,1733450,1732950,,,
Sudan,SDN,Agricultural land (sq. km),AG.LND.AGRI.K2,,1088400,1089400,1090400,1091420,1092420,1093400,1094500,1095470,1096470,1097450,1098430,1099410,1100480,1101050,1102050,1103000,1103980,1104360,1104350,1104500,1104800,1105400,1105900,1106450,1127000,1157500,1178050,1208450,1228600,1229100,1229650,1240150,1267330,1281150,1296440,1305390,1308320,1311020,1313520,1315750,1320930,1326140,1345300,1344970,1352200,1360530,1366150,1366980,1361770,1362450,1086788,1127020,1088153,,,
Senegal,SEN,Agricultural land (sq. km),AG.LND.AGRI.K2,,86470,86470,87470,87470,88470,88470,89470,91170,89030,88640,89460,89460,89960,90460,90460,90450,88440,88430,88420,88410,88400,88390,88380,88370,88360,88340,88320,88300,88270,88690,87090,87800,88180,89150,88150,89070,86280,83900,91120,90270,87990,87500,86320,86870,87760,84880,85530,93250,95380,95080,90150,90150,89180,,,
Singapore,SGP,Agricultural land (sq. km),AG.LND.AGRI.K2,,140,140,130,130,130,130,130,120,120,120,100,110,110,90,80,80,80,80,80,80,70,60,60,60,50,40,30,30,20,20,12,12,12,12,12,12,12,12,12,12,12,12,8,8,"7,6","7,5",8,7,7,"7,4","7,3","7,3","6,7",,,
Solomon Islands,SLB,Agricultural land (sq. km),AG.LND.AGRI.K2,,550,550,550,550,550,550,550,550,550,550,550,550,550,550,550,550,560,570,590,590,590,620,620,640,640,660,650,670,680,680,690,710,710,720,730,730,730,740,760,760,770,790,830,830,890,940,940,970,1010,1070,1070,1080,1080,,,
Sierra Leone,SLE,Agricultural land (sq. km),AG.LND.AGRI.K2,,26120,26170,26240,26290,26340,26390,26440,26540,26590,26640,26690,26740,26790,26840,26890,26940,26990,27090,27190,27240,27290,27440,27490,27640,28140,28190,28240,28250,28250,28250,28250,28150,28110,28100,28100,28100,28090,28090,28040,28100,"30015,2","32300,8","35666,7","37727,3","38120,2","40298,8","36237,2","37122,3","38009,7","39303,8","40176,3","38366,5","39486,5",,,
El Salvador,SLV,Agricultural land (sq. km),AG.LND.AGRI.K2,,12520,12520,12580,12580,12600,12500,12410,12390,12370,12350,12780,12810,12880,12980,13080,13000,13090,13500,14000,14100,13700,13410,13370,13470,13670,13870,13870,14070,14070,14100,14280,14510,14510,14540,14550,13880,14060,14500,14810,15000,15500,15550,15510,16100,15650,14740,15040,15500,15450,15350,15430,15720,15820,,,
San Marino,SMR,Agricultural land (sq. km),AG.LND.AGRI.K2,,10,10,10,10,10,10,10,10,10,10,10,10,10,10,10,10,10,10,10,10,10,10,10,10,10,10,10,10,10,10,10,10,10,10,10,10,10,10,10,10,10,10,10,10,10,10,10,10,10,10,10,10,10,,,
Somalia,SOM,Agricultural land (sq. km),AG.LND.AGRI.K2,,439050,439100,439150,439200,439250,439300,439350,439400,439450,439500,439550,439600,439650,439700,439750,439800,439850,439900,439950,440000,440050,440100,440150,440200,440250,440300,440350,440390,440400,440420,440420,440430,440440,440500,440560,440610,440660,440670,440670,440670,440710,442260,442760,443770,443770,441680,440280,441280,441280,441280,440280,440250,441250,,,
Serbia,SRB,Agricultural land (sq. km),AG.LND.AGRI.K2,,,,,,,,,,,,,,,,,,,,,,,,,,,,,,,,,,,,,,,,,,,,,,,50660,50530,50560,50550,50500,50610,50520,50690,,,
Sub-Saharan Africa (excluding high income),SSA,Agricultural land (sq. km),AG.LND.AGRI.K2,,"9439835,1",9448090,"9476549,1","9485490,7","9507051,3","9486549,9","9508338,7","9522539,5","9586160,3","9559594,7","9561215,6",9525610,9577890,9533680,9534650,9544210,9502790,9503210,9497020,9526910,9504230,9523280,9539700,9583130,9654450,9751710,9778130,9831260,9869010,9894060,9939290,9978530,9854260,9916240,9976750,10015770,10054870,10086270,10143370,10175630,"10198759,2","10236820,8","10316506,7","10343436,1","10435174,2","10454165,8",10488506,"10531623,2","10521712,4",10557378,"10613859,7","10697585,8","10645274,5",,,
South Sudan,SSD,Agricultural land (sq. km),AG.LND.AGRI.K2,,,,,,,,,,,,,,,,,,,,,,,,,,,,,,,,,,,,,,,,,,,,,,,,,,,,285332,285332,285332,,,
Sub-Saharan Africa,SSF,Agricultural land (sq. km),AG.LND.AGRI.K2,,"9439885,1",9448140,"9476599,1","9485540,7","9507101,3","9486599,9","9508388,7","9522589,5","9586210,3","9559644,7","9561265,6",9525660,9577940,9533730,9534700,9544260,9502840,9503260,9497070,9526960,9504280,9523340,9539760,9583190,9654510,9751770,9778190,9831310,9869060,9894100,9939330,9978570,9854300,9916280,9976790,10015810,10054910,10086310,10143410,10175670,"10198799,2","10236860,8","10316546,7","10343476,1","10435214,2","10454205,8",10488536,"10531653,2","10521741,4",10557403,"10613873,9",10697600,"10645289,3",,,
Small states,SST,Agricultural land (sq. km),AG.LND.AGRI.K2,,836453,836763,837043,837343,837464,837924,837774,837534,836684,834879,834494,834354,834306,833443,831047,832304,833124,834479,834466,833884,834391,834784,834872,835399,835790,836052,836805,836998,836620,837119,837509,851132,852803,851538,851790,852355,852691,851936,852623,853793,852363,850095,851005,"851505,3",852720,"856796,6","856380,9","857358,8","858381,6","857941,3","858302,8","857773,4","854504,5",,,
Sao Tome and Principe,STP,Agricultural land (sq. km),AG.LND.AGRI.K2,,350,350,350,350,360,360,360,360,360,360,370,370,370,370,370,370,370,370,370,370,370,370,370,370,380,380,380,380,420,420,420,420,420,440,450,450,460,460,470,490,510,510,540,500,490,490,495,490,490,485,487,487,487,,,
Suriname,SUR,Agricultural land (sq. km),AG.LND.AGRI.K2,,410,420,410,460,470,440,430,430,470,480,520,530,560,570,580,590,610,620,640,690,730,750,750,770,810,840,880,880,880,880,890,890,890,890,890,890,880,880,880,880,860,740,805,775,728,728,700,708,804,783,800,732,832,,,
Slovakia,SVK,Agricultural land (sq. km),AG.LND.AGRI.K2,,,,,,,,,,,,,,,,,,,,,,,,,,,,,,,,,,24460,24460,24460,24440,24450,24430,24430,24400,22550,22370,22360,19340,19410,19390,19300,19370,19300,19447,19297,19274,19285,,,
Slovenia,SVN,Agricultural land (sq. km),AG.LND.AGRI.K2,,,,,,,,,,,,,,,,,,,,,,,,,,,,,,,,,5640,5600,5490,5380,5250,4950,4900,5000,5180,5100,5050,5100,4920,5090,4910,4980,4920,4680,4833,4585,4797,4781,,,
Sweden,SWE,Agricultural land (sq. km),AG.LND.AGRI.K2,,42370,41720,39810,39430,38490,37970,37850,37210,37450,37530,37580,37340,37180,37350,37260,37350,37220,37280,37110,37040,36750,36600,36360,36110,34940,34760,34550,34370,34180,34130,33580,33440,33560,33560,32670,32970,32590,32310,31940,31530,31540,31700,31630,31840,32160,31630,31370,30930,30790,30850,30660,30486,30479,,,
Swaziland,SWZ,Agricultural land (sq. km),AG.LND.AGRI.K2,,14680,14780,14740,14770,14840,14930,14970,14980,14940,14940,14940,15130,15130,14820,13130,13710,13930,13930,13400,12910,12840,12860,12880,12690,12840,13290,13070,12850,12640,12380,12270,12230,12220,12220,12220,12220,12230,12230,12230,12230,12240,12240,12240,12240,12240,12240,12240,12240,12220,12220,12220,12220,12220,,,
Sint Maarten (Dutch part),SXM,Agricultural land (sq. km),AG.LND.AGRI.K2,,,,,,,,,,,,,,,,,,,,,,,,,,,,,,,,,,,,,,,,,,,,,,,,,,,,,,,,,
Seychelles,SYC,Agricultural land (sq. km),AG.LND.AGRI.K2,,50,50,50,50,50,50,50,50,50,50,50,50,50,50,50,50,50,50,50,50,50,60,60,60,60,60,60,50,50,40,40,40,40,40,40,40,40,40,40,40,40,40,40,40,40,40,30,30,29,25,"14,2","14,2","14,8",,,
Syrian Arab Republic,SYR,Agricultural land (sq. km),AG.LND.AGRI.K2,,149410,149700,150410,148540,142990,136300,136300,134210,134450,134590,134580,141610,144780,145170,141070,142130,140400,140090,139600,140620,141150,141130,139910,139730,139510,139200,139070,137330,134920,134950,135120,136130,136420,137860,137890,137900,138040,137540,137670,137110,137230,137590,138130,139050,138280,138770,138970,138980,139080,139080,139150,139210,139210,,,
Turks and Caicos Islands,TCA,Agricultural land (sq. km),AG.LND.AGRI.K2,,10,10,10,10,10,10,10,10,10,10,10,10,10,10,10,10,10,10,10,10,10,10,10,10,10,10,10,10,10,10,10,10,10,10,10,10,10,10,10,10,10,10,10,10,10,10,10,10,10,10,10,10,10,,,
Chad,TCD,Agricultural land (sq. km),AG.LND.AGRI.K2,,479000,479000,479000,479000,479000,479000,479000,479000,479000,479000,479000,479000,479100,479200,480000,481000,481000,481500,481500,481500,481500,481500,481500,481500,481550,482050,482050,482300,482500,483000,483500,483700,484000,484200,484500,484300,486300,486300,486300,486300,489300,487300,488300,488300,495300,494800,493310,493310,493350,495350,499350,499350,499350,,,
East Asia & Pacific (IDA & IBRD countries),TEA,Agricultural land (sq. km),AG.LND.AGRI.K2,,5671438,5704311,5739245,5774763,5816848,5856895,5898739,5938430,5985622,6037293,6075991,6133766,6196261,6274989,6329068,6247258,6321768,6387354,6429612,6478911,6537474,6639848,6751117,6857322,7012074,7098182,7189461,7264343,7338286,7410231,7439469,7442757,7444366,7483552,7494706,7499452,7614296,7621778,7651647,7660822,7646755,7636807,7485525,7519090,7517577,7497065,7524153,7545564,7569967,7579568,7592060,7603648,7612783,,,
Europe & Central Asia (IDA & IBRD countries),TEC,Agricultural land (sq. km),AG.LND.AGRI.K2,,783450,785150,792040,791660,790630,793080,790640,794710,804250,798910,799660,803360,801450,796740,791670,793300,794630,794460,802300,798490,797660,783410,778650,788290,793450,796770,806660,804710,807400,805190,809060,6700992,6672966,6665720,6602786,6578598,6599415,6586119,6580987,6579417,6563912,6539738,6515440,6502718,6488856,6530190,6506916,6491877,6485111,6528806,6525883,6521980,"6543005,3",,,
Togo,TGO,Agricultural land (sq. km),AG.LND.AGRI.K2,,30700,30700,30700,30700,30750,30750,30750,30750,30750,30750,28800,28800,28800,28800,28800,28800,28800,29800,30300,30350,30350,30350,30350,30850,30900,30900,31100,31400,31400,31900,31950,31950,33000,33000,33000,34000,34500,35300,36300,36300,34800,35050,34800,34550,32500,32800,34950,35450,36050,36650,36650,38500,38200,,,
Thailand,THA,Agricultural land (sq. km),AG.LND.AGRI.K2,,116530,119800,124600,126900,129400,132100,134600,137000,139200,142480,143990,152300,160800,168830,172200,175480,179650,183760,187020,189380,193410,197790,198980,200510,205770,207750,212400,213300,213370,213830,215160,213740,212450,211200,212100,208630,204420,200520,200170,198340,198280,196890,195540,195550,196100,197000,198000,200500,208790,210600,210600,218600,221100,,,
Tajikistan,TJK,Agricultural land (sq. km),AG.LND.AGRI.K2,,,,,,,,,,,,,,,,,,,,,,,,,,,,,,,,,44890,45430,44700,45820,45850,45620,45470,45680,45730,45730,45710,45960,46500,46720,47350,47290,47270,47500,48440,48550,48750,48750,,,
Turkmenistan,TKM,Agricultural land (sq. km),AG.LND.AGRI.K2,,,,,,,,,,,,,,,,,,,,,,,,,,,,,,,,,353500,354500,354500,355000,355000,355000,355000,355400,355000,355000,353500,351900,350500,348800,347000,345500,343500,342050,340000,338380,338380,338380,,,
Latin America & the Caribbean (IDA & IBRD countries),TLA,Agricultural land (sq. km),AG.LND.AGRI.K2,,5571190,5623300,5673800,5715300,5758190,5800980,5837060,5893410,5986580,6007360,6072450,6118480,6159160,6216129,6263610,6304490,6347950,6368660,6402762,6430955,6458988,6499830,6540922,6572500,6594958,6643012,6673090,6696480,6725680,6785749,6832288,6850377,6885927,6892694,6971340,7009514,7024070,7043805,7059414,7063487,7053376,7070780,7117987,"7199482,3",7245028,"7275913,1","7303277,9",7330272,"7332163,7","7364547,7","7385606,2","7411284,4",7467342,,,
Middle East & North Africa (IDA & IBRD countries),TMN,Agricultural land (sq. km),AG.LND.AGRI.K2,,2005230,2004150,2006600,2007130,2009600,2009320,2015630,2018670,2025420,2032710,2062730,2074090,2078720,2079610,2069870,2072580,2071230,2067770,2079060,2066910,2029796,"2037553,4","2044467,4","2051423,6",2054688,2054898,2060850,2067570,2064678,2065612,2090124,"2108259,8",2121920,2127110,2125510,"2129904,6","2120429,2","2132456,2",2119555,2107940,2116980,2124160,2130207,2138933,1976710,1975953,1980189,1957247,1954169,1959422,1961464,"1964790,9","1971662,4",,,
Timor-Leste,TLS,Agricultural land (sq. km),AG.LND.AGRI.K2,,2300,2300,2300,2300,2300,2300,2320,2320,2330,2430,2430,2450,2500,2500,2550,2580,2620,2710,2760,2790,2820,2840,2860,2890,2920,2950,2990,3030,3050,3180,3300,3300,3350,3400,3400,3420,3430,3410,3370,3370,3620,3620,3650,3850,3850,3850,3750,3800,3820,3720,3730,3840,3800,,,
Tonga,TON,Agricultural land (sq. km),AG.LND.AGRI.K2,,270,280,290,290,300,310,310,310,330,320,320,330,330,340,340,330,330,330,330,340,340,340,330,330,330,330,330,330,320,320,320,320,320,320,330,330,310,310,310,300,300,300,300,300,300,300,310,300,310,310,310,310,310,,,
South Asia (IDA & IBRD),TSA,Agricultural land (sq. km),AG.LND.AGRI.K2,,2635040,2651870,2653150,2664860,2680040,2686390,2691460,2694460,2674330,2680420,2674620,2680460,2698840,2698090,2705480,2702330,2704250,2719770,2717900,2725780,2718110,2741406,2717452,2739428,2734224,2717680,2733156,2718482,2727848,2719904,2722070,2712782,2715144,2712726,2711888,2709480,2719272,2720694,2721776,2719641,2717720,2716940,2714750,2707770,2706260,2704410,2699350,2695093,2696790,2692399,2700281,2700735,2709665,,,
Sub-Saharan Africa (IDA & IBRD countries),TSS,Agricultural land (sq. km),AG.LND.AGRI.K2,,"9439885,1",9448140,"9476599,1","9485540,7","9507101,3","9486599,9","9508388,7","9522589,5","9586210,3","9559644,7","9561265,6",9525660,9577940,9533730,9534700,9544260,9502840,9503260,9497070,9526960,9504280,9523340,9539760,9583190,9654510,9751770,9778190,9831310,9869060,9894100,9939330,9978570,9854300,9916280,9976790,10015810,10054910,10086310,10143410,10175670,"10198799,2","10236860,8","10316546,7","10343476,1","10435214,2","10454205,8",10488536,"10531653,2","10521741,4",10557403,"10613873,9",10697600,"10645289,3",,,
Trinidad and Tobago,TTO,Agricultural land (sq. km),AG.LND.AGRI.K2,,970,970,980,980,980,980,980,980,980,980,1010,1010,1100,1110,1060,1060,1060,1060,1060,1010,950,880,740,740,710,710,710,720,720,770,810,810,810,810,760,760,710,660,670,670,600,600,600,550,540,540,540,540,540,540,540,540,540,,,
Tunisia,TUN,Agricultural land (sq. km),AG.LND.AGRI.K2,,86480,86270,86060,86690,86480,86270,86060,85850,87160,88820,88680,89470,90160,90450,90940,91430,91690,90340,89510,87000,87500,88160,88990,88980,88220,87060,86960,84920,86700,86440,92100,93550,94220,92830,93480,93240,93470,94200,95260,95510,94990,97630,97840,98300,98240,98060,98050,98810,97890,100380,100720,99220,99430,,,
Turkey,TUR,Agricultural land (sq. km),AG.LND.AGRI.K2,,365170,366480,373700,372920,372960,374840,373000,376010,386430,381780,383140,388260,387870,383280,379620,379030,380290,380450,388920,385790,386130,371910,367180,376130,381300,384830,394270,392630,398970,396770,400670,399040,399130,401490,394930,393640,392420,399190,403020,404790,409680,411960,406440,412100,412230,404930,395050,391220,389110,390120,382470,384070,384230,,,
Tuvalu,TUV,Agricultural land (sq. km),AG.LND.AGRI.K2,,20,20,20,20,20,20,20,20,20,20,20,20,20,20,20,20,20,20,20,20,20,20,20,20,20,20,20,20,20,20,20,20,20,20,20,20,20,20,20,20,17,17,17,17,17,17,18,18,18,18,18,18,18,,,
Tanzania,TZA,Agricultural land (sq. km),AG.LND.AGRI.K2,,260000,260000,270000,270000,270000,270000,270000,270000,270000,280000,290000,290000,290000,290000,290000,290000,290000,300000,300000,300000,310000,310000,310000,310000,320000,320000,320000,320000,320000,320000,324030,324000,326000,329000,332000,335000,337030,338000,339000,340000,341000,342000,342700,351600,353600,353600,356500,369744,373000,374500,383000,397000,396500,,,
Uganda,UGA,Agricultural land (sq. km),AG.LND.AGRI.K2,,90180,91140,92580,98730,98710,98850,98880,99250,99500,99800,100300,101000,101800,102640,104070,105380,105380,106100,106100,106800,107600,108400,113000,115000,116000,118170,118170,118170,118620,119620,120320,120520,120820,121020,121220,121720,121720,122420,122620,125120,126120,128120,131120,132620,132620,"134627,5",136635,"139142,5",141150,142650,144150,144650,144150,,,
Ukraine,UKR,Agricultural land (sq. km),AG.LND.AGRI.K2,,,,,,,,,,,,,,,,,,,,,,,,,,,,,,,,,419290,418900,418610,418530,418400,418540,416110,414530,414060,413850,413960,413550,413540,413040,412840,412660,412920,412760,412670,412810,412970,412750,,,
Upper middle income,UMC,Agricultural land (sq. km),AG.LND.AGRI.K2,,12592865,12667148,12750552,12815500,12890564,12973001,13047685,13148716,13300068,13367464,13492807,13605202,13705277,13817764,13893414,13992264,14093584,14173150,14273425,14326132,14367604,14504025,14654929,14806779,14965986,15085644,15199460,15288349,15379868,15501768,15629872,20681256,20733702,20781569,20794148,20813905,20836762,20856170,"20847493,9",20837790,20805256,20791550,"20800549,4",20880570,20765882,20800682,20814313,20812602,20817632,"20914506,9",20933744,"20969842,9","21057848,7",,,
Uruguay,URY,Agricultural land (sq. km),AG.LND.AGRI.K2,,163540,162490,161410,160840,159730,159150,158420,157220,156480,154810,154410,154000,153600,153210,152810,152400,152010,151610,151210,150810,150530,150210,149920,149620,149330,148950,148580,148390,148220,149170,149210,149250,149300,149340,149380,149410,149450,149500,149540,149580,149620,149230,149270,148290,148320,146950,145500,146740,148140,144330,145260,142300,143630,,,
United States,USA,Agricultural land (sq. km),AG.LND.AGRI.K2,,4475090,4439910,4414430,4390120,4358730,4355500,4353070,4357950,4354470,4344000,4333000,4323000,4312000,4301580,4301580,4301580,4303310,4281630,4281630,4281630,4281630,4313990,4313990,4313990,4313990,4313990,4269480,4269480,4269480,4269480,4269480,4254290,4229480,4211390,4201390,4163060,4148850,4145880,4138870,4143990,4149440,4130640,4139250,4115210,4117840,4092148,4128576,4133126,4099607,4084262,4046693,4087065,4054370,,,
Uzbekistan,UZB,Agricultural land (sq. km),AG.LND.AGRI.K2,,,,,,,,,,,,,,,,,,,,,,,,,,,,,,,,,277240,276480,276430,276450,276430,276400,273370,273330,273250,273300,270460,268400,268400,267400,267400,266900,266400,266200,266700,266300,267500,267700,,,
Saint Vincent and the Grenadines,VCT,Agricultural land (sq. km),AG.LND.AGRI.K2,,100,100,110,110,110,110,110,110,110,110,110,110,100,100,100,100,110,110,120,120,120,110,120,120,120,130,130,130,130,120,120,120,120,120,120,110,110,110,110,100,100,100,100,100,100,100,100,100,100,100,100,100,100,,,
Venezuela,VEN,Agricultural land (sq. km),AG.LND.AGRI.K2,,192320,193020,193720,194440,195140,195840,196660,197580,198400,199330,200260,200650,201790,202440,202980,204700,206840,207400,209000,210200,210400,211600,212800,213900,216400,218500,219600,220100,218100,218600,218570,216070,216030,216100,216200,216320,216360,216420,216330,216350,216380,215400,215400,215900,215950,215550,215590,216000,215000,216000,216000,216000,216000,,,
"Virgin Islands, British",VGB,Agricultural land (sq. km),AG.LND.AGRI.K2,,60,60,60,60,60,80,80,80,80,80,80,80,80,80,80,80,80,80,80,80,80,90,90,90,90,90,90,90,90,80,80,80,80,80,80,80,80,80,70,70,70,70,70,70,70,70,70,70,70,70,70,70,70,,,
"Virgin Islands, U.S.",VIR,Agricultural land (sq. km),AG.LND.AGRI.K2,,120,120,140,160,160,160,150,150,150,150,150,150,150,150,150,150,150,150,150,160,160,150,140,140,120,120,120,110,110,100,100,100,100,90,80,80,80,80,70,70,70,60,60,60,60,40,40,40,40,40,40,40,40,,,
Vietnam,VNM,Agricultural land (sq. km),AG.LND.AGRI.K2,,62920,62970,63020,63070,63120,63170,63420,63670,63820,64170,64220,64470,64820,65070,65120,67220,68120,68360,68500,68580,68760,68840,69020,69100,67500,67250,67100,67100,67150,67260,67510,70250,70870,71400,70790,76820,78440,80550,84130,87800,94830,94550,95370,97956,100541,100780,100626,102408,102920,107686,107933,108528,108737,,,
Vanuatu,VUT,Agricultural land (sq. km),AG.LND.AGRI.K2,,1050,1050,1050,1050,1130,1130,1130,1130,1130,1200,1200,1200,1200,1200,1260,1260,1270,1270,1280,1280,1310,1320,1350,1350,1370,1410,1430,1470,1490,1520,1540,1570,1590,1600,1650,1670,1680,1720,1730,1750,1770,1780,1800,1810,1830,1850,1870,1870,1870,1870,1870,1870,1870,,,
West Bank and Gaza,PSE,Agricultural land (sq. km),AG.LND.AGRI.K2,,3660,3660,3660,3650,3650,3660,3670,3670,3670,3680,3680,3680,3680,3690,3690,3710,3730,3750,3740,3750,3790,3800,3820,3830,3800,3800,3780,3780,3770,3750,3720,3700,3700,3700,3760,3720,3700,3490,3640,3720,3690,3700,3670,3670,3638,3577,3535,3502,2993,2484,2605,2610,2620,,,
World,WLD,Agricultural land (sq. km),AG.LND.AGRI.K2,,"38861709,1",38959771,"39084993,1","39185902,7","39309781,3","39384086,9","39512231,7","39605823,5","39837656,3","39887803,7","39996302,6",40089420,40276333,40352493,40438297,40413408,40394017,40446261,40562117,40678501,40692159,"40854025,4","40926287,4","41215581,6",41516546,41768735,41956104,42155748,42301967,42468153,42572641,"48618862,8",48993457,49153679,49153329,"49191076,6","49331253,2","49400016,2","49370524,9",49430923,"49410261,2","49292547,8","49169572,4","49275845,4","49290596,3","49202713,1","49189914,1",49153414,"49023551,5","49010677,7","49161216,4",49302194,"49225819,9",,,
Samoa,WSM,Agricultural land (sq. km),AG.LND.AGRI.K2,,560,570,570,570,620,620,620,630,630,635,640,640,640,640,650,690,710,710,735,740,770,770,776,780,780,784,767,770,542,540,540,520,520,510,510,510,510,510,508,480,480,470,450,430,420,402,385,370,349,350,350,350,350,,,
Yemen,YEM,Agricultural land (sq. km),AG.LND.AGRI.K2,,233370,233480,233600,233700,233800,233910,233980,234030,234130,234180,234260,234370,234420,234470,234600,234600,234600,234620,234630,234630,234650,234650,234650,234650,234700,234700,234790,234790,234810,236260,236310,234810,237250,237300,237360,237550,237200,236800,236680,236690,235950,236560,234950,235570,235230,236270,236270,235170,234520,235790,234520,235500,235460,,,
South Africa,ZAF,Agricultural land (sq. km),AG.LND.AGRI.K2,,1013350,1001350,989950,977500,966100,964450,961800,959900,957900,955900,953900,951950,949900,948050,945850,943820,943200,942800,942100,941600,941000,940330,940330,940330,940330,944000,946500,949000,953000,956000,960050,964730,969360,972650,975200,978900,979450,979880,980580,981250,980130,980280,979280,976080,974830,968880,968900,971080,969880,968910,963740,968410,968410,,,
Democratic Republic of Congo,COD,Agricultural land (sq. km),AG.LND.AGRI.K2,,250500,250700,251000,251300,251500,251700,252000,252500,253000,253500,254000,254500,255000,255500,255500,256000,256300,256500,256500,257000,257500,257700,258000,258500,259000,259500,259500,259500,259500,259600,259800,260000,260000,260000,258000,258000,257000,257000,256000,256000,255500,255500,255500,255500,255500,255860,256500,257000,257450,257650,260400,262000,262000,,,
Zambia,ZMB,Agricultural land (sq. km),AG.LND.AGRI.K2,,193070,193600,194040,194590,195130,196070,196610,197350,198040,198740,200530,202510,201440,202020,202370,204100,202740,201550,197800,198460,198360,198080,199610,199820,201250,202250,203660,205290,208970,208110,208260,210650,212020,214730,214580,218650,219710,220250,224050,224980,225550,226160,229090,228970,227620,230480,229840,230870,235860,234360,236360,238360,237360,,,
Zimbabwe,ZWE,Agricultural land (sq. km),AG.LND.AGRI.K2,,109850,110700,111550,112400,113050,114100,114950,115800,116650,117500,118350,119000,119350,120200,120550,120900,121150,121650,122150,122750,123500,124350,125100,125650,126400,127150,127900,128800,129550,130100,131800,133500,135200,137200,138600,142350,144190,145200,148400,150600,152400,154700,156500,160000,161000,163000,162000,164500,163000,162000,164000,162000,162000,,,
